version_id,commit_sha,endpoint_id,method,path,concurrency_level,run_index,run_type,evidence_type,response_status,response_size_bytes,latency_ms,provider_involvement,sample_size,caveat,error
realtime_pre_ws,54779d5d7aa87eb65a2e6b66cc4a1b20711d8630,authentication_login,POST,/auth/login,1,0,warmup,local_application_api_latency,200,326,177.140,none,1,Sequential loopback request against the same existing MySQL fixture; warm-up excluded; no mutating endpoints.,
realtime_pre_ws,54779d5d7aa87eb65a2e6b66cc4a1b20711d8630,authentication_login,POST,/auth/login,1,1,measured_warm,local_application_api_latency,200,326,101.211,none,30,Sequential loopback request against the same existing MySQL fixture; warm-up excluded; no mutating endpoints.,
realtime_pre_ws,54779d5d7aa87eb65a2e6b66cc4a1b20711d8630,authentication_login,POST,/auth/login,1,2,measured_warm,local_application_api_latency,200,326,90.583,none,30,Sequential loopback request against the same existing MySQL fixture; warm-up excluded; no mutating endpoints.,
realtime_pre_ws,54779d5d7aa87eb65a2e6b66cc4a1b20711d8630,authentication_login,POST,/auth/login,1,3,measured_warm,local_application_api_latency,200,326,90.193,none,30,Sequential loopback request against the same existing MySQL fixture; warm-up excluded; no mutating endpoints.,
realtime_pre_ws,54779d5d7aa87eb65a2e6b66cc4a1b20711d8630,authentication_login,POST,/auth/login,1,4,measured_warm,local_application_api_latency,200,326,88.062,none,30,Sequential loopback request against the same existing MySQL fixture; warm-up excluded; no mutating endpoints.,
realtime_pre_ws,54779d5d7aa87eb65a2e6b66cc4a1b20711d8630,authentication_login,POST,/auth/login,1,5,measured_warm,local_application_api_latency,200,326,87.608,none,30,Sequential loopback request against the same existing MySQL fixture; warm-up excluded; no mutating endpoints.,
realtime_pre_ws,54779d5d7aa87eb65a2e6b66cc4a1b20711d8630,authentication_login,POST,/auth/login,1,6,measured_warm,local_application_api_latency,200,326,86.741,none,30,Sequential loopback request against the same existing MySQL fixture; warm-up excluded; no mutating endpoints.,
realtime_pre_ws,54779d5d7aa87eb65a2e6b66cc4a1b20711d8630,authentication_login,POST,/auth/login,1,7,measured_warm,local_application_api_latency,200,326,83.677,none,30,Sequential loopback request against the same existing MySQL fixture; warm-up excluded; no mutating endpoints.,
realtime_pre_ws,54779d5d7aa87eb65a2e6b66cc4a1b20711d8630,authentication_login,POST,/auth/login,1,8,measured_warm,local_application_api_latency,200,326,78.840,none,30,Sequential loopback request against the same existing MySQL fixture; warm-up excluded; no mutating endpoints.,
realtime_pre_ws,54779d5d7aa87eb65a2e6b66cc4a1b20711d8630,authentication_login,POST,/auth/login,1,9,measured_warm,local_application_api_latency,200,326,79.129,none,30,Sequential loopback request against the same existing MySQL fixture; warm-up excluded; no mutating endpoints.,
realtime_pre_ws,54779d5d7aa87eb65a2e6b66cc4a1b20711d8630,authentication_login,POST,/auth/login,1,10,measured_warm,local_application_api_latency,200,326,81.131,none,30,Sequential loopback request against the same existing MySQL fixture; warm-up excluded; no mutating endpoints.,
realtime_pre_ws,54779d5d7aa87eb65a2e6b66cc4a1b20711d8630,authentication_login,POST,/auth/login,1,11,measured_warm,local_application_api_latency,200,326,94.900,none,30,Sequential loopback request against the same existing MySQL fixture; warm-up excluded; no mutating endpoints.,
realtime_pre_ws,54779d5d7aa87eb65a2e6b66cc4a1b20711d8630,authentication_login,POST,/auth/login,1,12,measured_warm,local_application_api_latency,200,326,104.235,none,30,Sequential loopback request against the same existing MySQL fixture; warm-up excluded; no mutating endpoints.,
realtime_pre_ws,54779d5d7aa87eb65a2e6b66cc4a1b20711d8630,authentication_login,POST,/auth/login,1,13,measured_warm,local_application_api_latency,200,326,93.106,none,30,Sequential loopback request against the same existing MySQL fixture; warm-up excluded; no mutating endpoints.,
realtime_pre_ws,54779d5d7aa87eb65a2e6b66cc4a1b20711d8630,authentication_login,POST,/auth/login,1,14,measured_warm,local_application_api_latency,200,326,90.721,none,30,Sequential loopback request against the same existing MySQL fixture; warm-up excluded; no mutating endpoints.,
realtime_pre_ws,54779d5d7aa87eb65a2e6b66cc4a1b20711d8630,authentication_login,POST,/auth/login,1,15,measured_warm,local_application_api_latency,200,326,103.015,none,30,Sequential loopback request against the same existing MySQL fixture; warm-up excluded; no mutating endpoints.,
realtime_pre_ws,54779d5d7aa87eb65a2e6b66cc4a1b20711d8630,authentication_login,POST,/auth/login,1,16,measured_warm,local_application_api_latency,200,326,93.671,none,30,Sequential loopback request against the same existing MySQL fixture; warm-up excluded; no mutating endpoints.,
realtime_pre_ws,54779d5d7aa87eb65a2e6b66cc4a1b20711d8630,authentication_login,POST,/auth/login,1,17,measured_warm,local_application_api_latency,200,326,86.133,none,30,Sequential loopback request against the same existing MySQL fixture; warm-up excluded; no mutating endpoints.,
realtime_pre_ws,54779d5d7aa87eb65a2e6b66cc4a1b20711d8630,authentication_login,POST,/auth/login,1,18,measured_warm,local_application_api_latency,200,326,83.134,none,30,Sequential loopback request against the same existing MySQL fixture; warm-up excluded; no mutating endpoints.,
realtime_pre_ws,54779d5d7aa87eb65a2e6b66cc4a1b20711d8630,authentication_login,POST,/auth/login,1,19,measured_warm,local_application_api_latency,200,326,87.020,none,30,Sequential loopback request against the same existing MySQL fixture; warm-up excluded; no mutating endpoints.,
realtime_pre_ws,54779d5d7aa87eb65a2e6b66cc4a1b20711d8630,authentication_login,POST,/auth/login,1,20,measured_warm,local_application_api_latency,200,326,92.686,none,30,Sequential loopback request against the same existing MySQL fixture; warm-up excluded; no mutating endpoints.,
realtime_pre_ws,54779d5d7aa87eb65a2e6b66cc4a1b20711d8630,authentication_login,POST,/auth/login,1,21,measured_warm,local_application_api_latency,200,326,90.445,none,30,Sequential loopback request against the same existing MySQL fixture; warm-up excluded; no mutating endpoints.,
realtime_pre_ws,54779d5d7aa87eb65a2e6b66cc4a1b20711d8630,authentication_login,POST,/auth/login,1,22,measured_warm,local_application_api_latency,200,326,88.838,none,30,Sequential loopback request against the same existing MySQL fixture; warm-up excluded; no mutating endpoints.,
realtime_pre_ws,54779d5d7aa87eb65a2e6b66cc4a1b20711d8630,authentication_login,POST,/auth/login,1,23,measured_warm,local_application_api_latency,200,326,84.395,none,30,Sequential loopback request against the same existing MySQL fixture; warm-up excluded; no mutating endpoints.,
realtime_pre_ws,54779d5d7aa87eb65a2e6b66cc4a1b20711d8630,authentication_login,POST,/auth/login,1,24,measured_warm,local_application_api_latency,200,326,83.322,none,30,Sequential loopback request against the same existing MySQL fixture; warm-up excluded; no mutating endpoints.,
realtime_pre_ws,54779d5d7aa87eb65a2e6b66cc4a1b20711d8630,authentication_login,POST,/auth/login,1,25,measured_warm,local_application_api_latency,200,326,84.201,none,30,Sequential loopback request against the same existing MySQL fixture; warm-up excluded; no mutating endpoints.,
realtime_pre_ws,54779d5d7aa87eb65a2e6b66cc4a1b20711d8630,authentication_login,POST,/auth/login,1,26,measured_warm,local_application_api_latency,200,326,87.628,none,30,Sequential loopback request against the same existing MySQL fixture; warm-up excluded; no mutating endpoints.,
realtime_pre_ws,54779d5d7aa87eb65a2e6b66cc4a1b20711d8630,authentication_login,POST,/auth/login,1,27,measured_warm,local_application_api_latency,200,326,87.562,none,30,Sequential loopback request against the same existing MySQL fixture; warm-up excluded; no mutating endpoints.,
realtime_pre_ws,54779d5d7aa87eb65a2e6b66cc4a1b20711d8630,authentication_login,POST,/auth/login,1,28,measured_warm,local_application_api_latency,200,326,89.933,none,30,Sequential loopback request against the same existing MySQL fixture; warm-up excluded; no mutating endpoints.,
realtime_pre_ws,54779d5d7aa87eb65a2e6b66cc4a1b20711d8630,authentication_login,POST,/auth/login,1,29,measured_warm,local_application_api_latency,200,326,88.659,none,30,Sequential loopback request against the same existing MySQL fixture; warm-up excluded; no mutating endpoints.,
realtime_pre_ws,54779d5d7aa87eb65a2e6b66cc4a1b20711d8630,authentication_login,POST,/auth/login,1,30,measured_warm,local_application_api_latency,200,326,84.794,none,30,Sequential loopback request against the same existing MySQL fixture; warm-up excluded; no mutating endpoints.,
realtime_pre_ws,54779d5d7aa87eb65a2e6b66cc4a1b20711d8630,recipe_list,GET,/recipes,1,0,warmup,local_application_api_latency,200,20050,37.842,none,1,Sequential loopback request against the same existing MySQL fixture; warm-up excluded; no mutating endpoints.,
realtime_pre_ws,54779d5d7aa87eb65a2e6b66cc4a1b20711d8630,recipe_list,GET,/recipes,1,1,measured_warm,local_application_api_latency,200,20050,12.366,none,30,Sequential loopback request against the same existing MySQL fixture; warm-up excluded; no mutating endpoints.,
realtime_pre_ws,54779d5d7aa87eb65a2e6b66cc4a1b20711d8630,recipe_list,GET,/recipes,1,2,measured_warm,local_application_api_latency,200,20050,15.227,none,30,Sequential loopback request against the same existing MySQL fixture; warm-up excluded; no mutating endpoints.,
realtime_pre_ws,54779d5d7aa87eb65a2e6b66cc4a1b20711d8630,recipe_list,GET,/recipes,1,3,measured_warm,local_application_api_latency,200,20050,28.169,none,30,Sequential loopback request against the same existing MySQL fixture; warm-up excluded; no mutating endpoints.,
realtime_pre_ws,54779d5d7aa87eb65a2e6b66cc4a1b20711d8630,recipe_list,GET,/recipes,1,4,measured_warm,local_application_api_latency,200,20050,26.098,none,30,Sequential loopback request against the same existing MySQL fixture; warm-up excluded; no mutating endpoints.,
realtime_pre_ws,54779d5d7aa87eb65a2e6b66cc4a1b20711d8630,recipe_list,GET,/recipes,1,5,measured_warm,local_application_api_latency,200,20050,20.125,none,30,Sequential loopback request against the same existing MySQL fixture; warm-up excluded; no mutating endpoints.,
realtime_pre_ws,54779d5d7aa87eb65a2e6b66cc4a1b20711d8630,recipe_list,GET,/recipes,1,6,measured_warm,local_application_api_latency,200,20050,30.832,none,30,Sequential loopback request against the same existing MySQL fixture; warm-up excluded; no mutating endpoints.,
realtime_pre_ws,54779d5d7aa87eb65a2e6b66cc4a1b20711d8630,recipe_list,GET,/recipes,1,7,measured_warm,local_application_api_latency,200,20050,29.656,none,30,Sequential loopback request against the same existing MySQL fixture; warm-up excluded; no mutating endpoints.,
realtime_pre_ws,54779d5d7aa87eb65a2e6b66cc4a1b20711d8630,recipe_list,GET,/recipes,1,8,measured_warm,local_application_api_latency,200,20050,31.452,none,30,Sequential loopback request against the same existing MySQL fixture; warm-up excluded; no mutating endpoints.,
realtime_pre_ws,54779d5d7aa87eb65a2e6b66cc4a1b20711d8630,recipe_list,GET,/recipes,1,9,measured_warm,local_application_api_latency,200,20050,28.356,none,30,Sequential loopback request against the same existing MySQL fixture; warm-up excluded; no mutating endpoints.,
realtime_pre_ws,54779d5d7aa87eb65a2e6b66cc4a1b20711d8630,recipe_list,GET,/recipes,1,10,measured_warm,local_application_api_latency,200,20050,34.039,none,30,Sequential loopback request against the same existing MySQL fixture; warm-up excluded; no mutating endpoints.,
realtime_pre_ws,54779d5d7aa87eb65a2e6b66cc4a1b20711d8630,recipe_list,GET,/recipes,1,11,measured_warm,local_application_api_latency,200,20050,26.522,none,30,Sequential loopback request against the same existing MySQL fixture; warm-up excluded; no mutating endpoints.,
realtime_pre_ws,54779d5d7aa87eb65a2e6b66cc4a1b20711d8630,recipe_list,GET,/recipes,1,12,measured_warm,local_application_api_latency,200,20050,27.206,none,30,Sequential loopback request against the same existing MySQL fixture; warm-up excluded; no mutating endpoints.,
realtime_pre_ws,54779d5d7aa87eb65a2e6b66cc4a1b20711d8630,recipe_list,GET,/recipes,1,13,measured_warm,local_application_api_latency,200,20050,26.410,none,30,Sequential loopback request against the same existing MySQL fixture; warm-up excluded; no mutating endpoints.,
realtime_pre_ws,54779d5d7aa87eb65a2e6b66cc4a1b20711d8630,recipe_list,GET,/recipes,1,14,measured_warm,local_application_api_latency,200,20050,22.330,none,30,Sequential loopback request against the same existing MySQL fixture; warm-up excluded; no mutating endpoints.,
realtime_pre_ws,54779d5d7aa87eb65a2e6b66cc4a1b20711d8630,recipe_list,GET,/recipes,1,15,measured_warm,local_application_api_latency,200,20050,26.589,none,30,Sequential loopback request against the same existing MySQL fixture; warm-up excluded; no mutating endpoints.,
realtime_pre_ws,54779d5d7aa87eb65a2e6b66cc4a1b20711d8630,recipe_list,GET,/recipes,1,16,measured_warm,local_application_api_latency,200,20050,19.569,none,30,Sequential loopback request against the same existing MySQL fixture; warm-up excluded; no mutating endpoints.,
realtime_pre_ws,54779d5d7aa87eb65a2e6b66cc4a1b20711d8630,recipe_list,GET,/recipes,1,17,measured_warm,local_application_api_latency,200,20050,27.295,none,30,Sequential loopback request against the same existing MySQL fixture; warm-up excluded; no mutating endpoints.,
realtime_pre_ws,54779d5d7aa87eb65a2e6b66cc4a1b20711d8630,recipe_list,GET,/recipes,1,18,measured_warm,local_application_api_latency,200,20050,24.963,none,30,Sequential loopback request against the same existing MySQL fixture; warm-up excluded; no mutating endpoints.,
realtime_pre_ws,54779d5d7aa87eb65a2e6b66cc4a1b20711d8630,recipe_list,GET,/recipes,1,19,measured_warm,local_application_api_latency,200,20050,28.881,none,30,Sequential loopback request against the same existing MySQL fixture; warm-up excluded; no mutating endpoints.,
realtime_pre_ws,54779d5d7aa87eb65a2e6b66cc4a1b20711d8630,recipe_list,GET,/recipes,1,20,measured_warm,local_application_api_latency,200,20050,27.166,none,30,Sequential loopback request against the same existing MySQL fixture; warm-up excluded; no mutating endpoints.,
realtime_pre_ws,54779d5d7aa87eb65a2e6b66cc4a1b20711d8630,recipe_list,GET,/recipes,1,21,measured_warm,local_application_api_latency,200,20050,28.219,none,30,Sequential loopback request against the same existing MySQL fixture; warm-up excluded; no mutating endpoints.,
realtime_pre_ws,54779d5d7aa87eb65a2e6b66cc4a1b20711d8630,recipe_list,GET,/recipes,1,22,measured_warm,local_application_api_latency,200,20050,27.649,none,30,Sequential loopback request against the same existing MySQL fixture; warm-up excluded; no mutating endpoints.,
realtime_pre_ws,54779d5d7aa87eb65a2e6b66cc4a1b20711d8630,recipe_list,GET,/recipes,1,23,measured_warm,local_application_api_latency,200,20050,35.635,none,30,Sequential loopback request against the same existing MySQL fixture; warm-up excluded; no mutating endpoints.,
realtime_pre_ws,54779d5d7aa87eb65a2e6b66cc4a1b20711d8630,recipe_list,GET,/recipes,1,24,measured_warm,local_application_api_latency,200,20050,27.277,none,30,Sequential loopback request against the same existing MySQL fixture; warm-up excluded; no mutating endpoints.,
realtime_pre_ws,54779d5d7aa87eb65a2e6b66cc4a1b20711d8630,recipe_list,GET,/recipes,1,25,measured_warm,local_application_api_latency,200,20050,27.068,none,30,Sequential loopback request against the same existing MySQL fixture; warm-up excluded; no mutating endpoints.,
realtime_pre_ws,54779d5d7aa87eb65a2e6b66cc4a1b20711d8630,recipe_list,GET,/recipes,1,26,measured_warm,local_application_api_latency,200,20050,27.075,none,30,Sequential loopback request against the same existing MySQL fixture; warm-up excluded; no mutating endpoints.,
realtime_pre_ws,54779d5d7aa87eb65a2e6b66cc4a1b20711d8630,recipe_list,GET,/recipes,1,27,measured_warm,local_application_api_latency,200,20050,25.807,none,30,Sequential loopback request against the same existing MySQL fixture; warm-up excluded; no mutating endpoints.,
realtime_pre_ws,54779d5d7aa87eb65a2e6b66cc4a1b20711d8630,recipe_list,GET,/recipes,1,28,measured_warm,local_application_api_latency,200,20050,30.645,none,30,Sequential loopback request against the same existing MySQL fixture; warm-up excluded; no mutating endpoints.,
realtime_pre_ws,54779d5d7aa87eb65a2e6b66cc4a1b20711d8630,recipe_list,GET,/recipes,1,29,measured_warm,local_application_api_latency,200,20050,21.328,none,30,Sequential loopback request against the same existing MySQL fixture; warm-up excluded; no mutating endpoints.,
realtime_pre_ws,54779d5d7aa87eb65a2e6b66cc4a1b20711d8630,recipe_list,GET,/recipes,1,30,measured_warm,local_application_api_latency,200,20050,30.806,none,30,Sequential loopback request against the same existing MySQL fixture; warm-up excluded; no mutating endpoints.,
realtime_pre_ws,54779d5d7aa87eb65a2e6b66cc4a1b20711d8630,recipe_detail,GET,/recipes/1,1,0,warmup,local_application_api_latency,200,22524,83.094,none,1,Sequential loopback request against the same existing MySQL fixture; warm-up excluded; no mutating endpoints.,
realtime_pre_ws,54779d5d7aa87eb65a2e6b66cc4a1b20711d8630,recipe_detail,GET,/recipes/1,1,1,measured_warm,local_application_api_latency,200,22524,45.820,none,30,Sequential loopback request against the same existing MySQL fixture; warm-up excluded; no mutating endpoints.,
realtime_pre_ws,54779d5d7aa87eb65a2e6b66cc4a1b20711d8630,recipe_detail,GET,/recipes/1,1,2,measured_warm,local_application_api_latency,200,22524,44.870,none,30,Sequential loopback request against the same existing MySQL fixture; warm-up excluded; no mutating endpoints.,
realtime_pre_ws,54779d5d7aa87eb65a2e6b66cc4a1b20711d8630,recipe_detail,GET,/recipes/1,1,3,measured_warm,local_application_api_latency,200,22524,73.646,none,30,Sequential loopback request against the same existing MySQL fixture; warm-up excluded; no mutating endpoints.,
realtime_pre_ws,54779d5d7aa87eb65a2e6b66cc4a1b20711d8630,recipe_detail,GET,/recipes/1,1,4,measured_warm,local_application_api_latency,200,22524,507.194,none,30,Sequential loopback request against the same existing MySQL fixture; warm-up excluded; no mutating endpoints.,
realtime_pre_ws,54779d5d7aa87eb65a2e6b66cc4a1b20711d8630,recipe_detail,GET,/recipes/1,1,5,measured_warm,local_application_api_latency,200,22524,144.068,none,30,Sequential loopback request against the same existing MySQL fixture; warm-up excluded; no mutating endpoints.,
realtime_pre_ws,54779d5d7aa87eb65a2e6b66cc4a1b20711d8630,recipe_detail,GET,/recipes/1,1,6,measured_warm,local_application_api_latency,200,22524,73.600,none,30,Sequential loopback request against the same existing MySQL fixture; warm-up excluded; no mutating endpoints.,
realtime_pre_ws,54779d5d7aa87eb65a2e6b66cc4a1b20711d8630,recipe_detail,GET,/recipes/1,1,7,measured_warm,local_application_api_latency,200,22524,51.182,none,30,Sequential loopback request against the same existing MySQL fixture; warm-up excluded; no mutating endpoints.,
realtime_pre_ws,54779d5d7aa87eb65a2e6b66cc4a1b20711d8630,recipe_detail,GET,/recipes/1,1,8,measured_warm,local_application_api_latency,200,22524,53.202,none,30,Sequential loopback request against the same existing MySQL fixture; warm-up excluded; no mutating endpoints.,
realtime_pre_ws,54779d5d7aa87eb65a2e6b66cc4a1b20711d8630,recipe_detail,GET,/recipes/1,1,9,measured_warm,local_application_api_latency,200,22524,56.061,none,30,Sequential loopback request against the same existing MySQL fixture; warm-up excluded; no mutating endpoints.,
realtime_pre_ws,54779d5d7aa87eb65a2e6b66cc4a1b20711d8630,recipe_detail,GET,/recipes/1,1,10,measured_warm,local_application_api_latency,200,22524,51.056,none,30,Sequential loopback request against the same existing MySQL fixture; warm-up excluded; no mutating endpoints.,
realtime_pre_ws,54779d5d7aa87eb65a2e6b66cc4a1b20711d8630,recipe_detail,GET,/recipes/1,1,11,measured_warm,local_application_api_latency,200,22524,45.212,none,30,Sequential loopback request against the same existing MySQL fixture; warm-up excluded; no mutating endpoints.,
realtime_pre_ws,54779d5d7aa87eb65a2e6b66cc4a1b20711d8630,recipe_detail,GET,/recipes/1,1,12,measured_warm,local_application_api_latency,200,22524,62.193,none,30,Sequential loopback request against the same existing MySQL fixture; warm-up excluded; no mutating endpoints.,
realtime_pre_ws,54779d5d7aa87eb65a2e6b66cc4a1b20711d8630,recipe_detail,GET,/recipes/1,1,13,measured_warm,local_application_api_latency,200,22524,76.893,none,30,Sequential loopback request against the same existing MySQL fixture; warm-up excluded; no mutating endpoints.,
realtime_pre_ws,54779d5d7aa87eb65a2e6b66cc4a1b20711d8630,recipe_detail,GET,/recipes/1,1,14,measured_warm,local_application_api_latency,200,22524,64.684,none,30,Sequential loopback request against the same existing MySQL fixture; warm-up excluded; no mutating endpoints.,
realtime_pre_ws,54779d5d7aa87eb65a2e6b66cc4a1b20711d8630,recipe_detail,GET,/recipes/1,1,15,measured_warm,local_application_api_latency,200,22524,54.035,none,30,Sequential loopback request against the same existing MySQL fixture; warm-up excluded; no mutating endpoints.,
realtime_pre_ws,54779d5d7aa87eb65a2e6b66cc4a1b20711d8630,recipe_detail,GET,/recipes/1,1,16,measured_warm,local_application_api_latency,200,22524,114.096,none,30,Sequential loopback request against the same existing MySQL fixture; warm-up excluded; no mutating endpoints.,
realtime_pre_ws,54779d5d7aa87eb65a2e6b66cc4a1b20711d8630,recipe_detail,GET,/recipes/1,1,17,measured_warm,local_application_api_latency,200,22524,75.360,none,30,Sequential loopback request against the same existing MySQL fixture; warm-up excluded; no mutating endpoints.,
realtime_pre_ws,54779d5d7aa87eb65a2e6b66cc4a1b20711d8630,recipe_detail,GET,/recipes/1,1,18,measured_warm,local_application_api_latency,200,22524,55.528,none,30,Sequential loopback request against the same existing MySQL fixture; warm-up excluded; no mutating endpoints.,
realtime_pre_ws,54779d5d7aa87eb65a2e6b66cc4a1b20711d8630,recipe_detail,GET,/recipes/1,1,19,measured_warm,local_application_api_latency,200,22524,48.328,none,30,Sequential loopback request against the same existing MySQL fixture; warm-up excluded; no mutating endpoints.,
realtime_pre_ws,54779d5d7aa87eb65a2e6b66cc4a1b20711d8630,recipe_detail,GET,/recipes/1,1,20,measured_warm,local_application_api_latency,200,22524,49.989,none,30,Sequential loopback request against the same existing MySQL fixture; warm-up excluded; no mutating endpoints.,
realtime_pre_ws,54779d5d7aa87eb65a2e6b66cc4a1b20711d8630,recipe_detail,GET,/recipes/1,1,21,measured_warm,local_application_api_latency,200,22524,46.406,none,30,Sequential loopback request against the same existing MySQL fixture; warm-up excluded; no mutating endpoints.,
realtime_pre_ws,54779d5d7aa87eb65a2e6b66cc4a1b20711d8630,recipe_detail,GET,/recipes/1,1,22,measured_warm,local_application_api_latency,200,22524,39.582,none,30,Sequential loopback request against the same existing MySQL fixture; warm-up excluded; no mutating endpoints.,
realtime_pre_ws,54779d5d7aa87eb65a2e6b66cc4a1b20711d8630,recipe_detail,GET,/recipes/1,1,23,measured_warm,local_application_api_latency,200,22524,51.124,none,30,Sequential loopback request against the same existing MySQL fixture; warm-up excluded; no mutating endpoints.,
realtime_pre_ws,54779d5d7aa87eb65a2e6b66cc4a1b20711d8630,recipe_detail,GET,/recipes/1,1,24,measured_warm,local_application_api_latency,200,22524,45.897,none,30,Sequential loopback request against the same existing MySQL fixture; warm-up excluded; no mutating endpoints.,
realtime_pre_ws,54779d5d7aa87eb65a2e6b66cc4a1b20711d8630,recipe_detail,GET,/recipes/1,1,25,measured_warm,local_application_api_latency,200,22524,39.720,none,30,Sequential loopback request against the same existing MySQL fixture; warm-up excluded; no mutating endpoints.,
realtime_pre_ws,54779d5d7aa87eb65a2e6b66cc4a1b20711d8630,recipe_detail,GET,/recipes/1,1,26,measured_warm,local_application_api_latency,200,22524,34.597,none,30,Sequential loopback request against the same existing MySQL fixture; warm-up excluded; no mutating endpoints.,
realtime_pre_ws,54779d5d7aa87eb65a2e6b66cc4a1b20711d8630,recipe_detail,GET,/recipes/1,1,27,measured_warm,local_application_api_latency,200,22524,46.012,none,30,Sequential loopback request against the same existing MySQL fixture; warm-up excluded; no mutating endpoints.,
realtime_pre_ws,54779d5d7aa87eb65a2e6b66cc4a1b20711d8630,recipe_detail,GET,/recipes/1,1,28,measured_warm,local_application_api_latency,200,22524,41.197,none,30,Sequential loopback request against the same existing MySQL fixture; warm-up excluded; no mutating endpoints.,
realtime_pre_ws,54779d5d7aa87eb65a2e6b66cc4a1b20711d8630,recipe_detail,GET,/recipes/1,1,29,measured_warm,local_application_api_latency,200,22524,39.127,none,30,Sequential loopback request against the same existing MySQL fixture; warm-up excluded; no mutating endpoints.,
realtime_pre_ws,54779d5d7aa87eb65a2e6b66cc4a1b20711d8630,recipe_detail,GET,/recipes/1,1,30,measured_warm,local_application_api_latency,200,22524,32.298,none,30,Sequential loopback request against the same existing MySQL fixture; warm-up excluded; no mutating endpoints.,
realtime_pre_ws,54779d5d7aa87eb65a2e6b66cc4a1b20711d8630,checklist_retrieval,GET,/checklists,1,0,warmup,local_application_api_latency,200,12,8.197,none,1,Sequential loopback request against the same existing MySQL fixture; warm-up excluded; no mutating endpoints.,
realtime_pre_ws,54779d5d7aa87eb65a2e6b66cc4a1b20711d8630,checklist_retrieval,GET,/checklists,1,1,measured_warm,local_application_api_latency,200,12,1.863,none,30,Sequential loopback request against the same existing MySQL fixture; warm-up excluded; no mutating endpoints.,
realtime_pre_ws,54779d5d7aa87eb65a2e6b66cc4a1b20711d8630,checklist_retrieval,GET,/checklists,1,2,measured_warm,local_application_api_latency,200,12,1.983,none,30,Sequential loopback request against the same existing MySQL fixture; warm-up excluded; no mutating endpoints.,
realtime_pre_ws,54779d5d7aa87eb65a2e6b66cc4a1b20711d8630,checklist_retrieval,GET,/checklists,1,3,measured_warm,local_application_api_latency,200,12,1.477,none,30,Sequential loopback request against the same existing MySQL fixture; warm-up excluded; no mutating endpoints.,
realtime_pre_ws,54779d5d7aa87eb65a2e6b66cc4a1b20711d8630,checklist_retrieval,GET,/checklists,1,4,measured_warm,local_application_api_latency,200,12,1.476,none,30,Sequential loopback request against the same existing MySQL fixture; warm-up excluded; no mutating endpoints.,
realtime_pre_ws,54779d5d7aa87eb65a2e6b66cc4a1b20711d8630,checklist_retrieval,GET,/checklists,1,5,measured_warm,local_application_api_latency,200,12,1.357,none,30,Sequential loopback request against the same existing MySQL fixture; warm-up excluded; no mutating endpoints.,
realtime_pre_ws,54779d5d7aa87eb65a2e6b66cc4a1b20711d8630,checklist_retrieval,GET,/checklists,1,6,measured_warm,local_application_api_latency,200,12,1.578,none,30,Sequential loopback request against the same existing MySQL fixture; warm-up excluded; no mutating endpoints.,
realtime_pre_ws,54779d5d7aa87eb65a2e6b66cc4a1b20711d8630,checklist_retrieval,GET,/checklists,1,7,measured_warm,local_application_api_latency,200,12,1.778,none,30,Sequential loopback request against the same existing MySQL fixture; warm-up excluded; no mutating endpoints.,
realtime_pre_ws,54779d5d7aa87eb65a2e6b66cc4a1b20711d8630,checklist_retrieval,GET,/checklists,1,8,measured_warm,local_application_api_latency,200,12,1.657,none,30,Sequential loopback request against the same existing MySQL fixture; warm-up excluded; no mutating endpoints.,
realtime_pre_ws,54779d5d7aa87eb65a2e6b66cc4a1b20711d8630,checklist_retrieval,GET,/checklists,1,9,measured_warm,local_application_api_latency,200,12,2.214,none,30,Sequential loopback request against the same existing MySQL fixture; warm-up excluded; no mutating endpoints.,
realtime_pre_ws,54779d5d7aa87eb65a2e6b66cc4a1b20711d8630,checklist_retrieval,GET,/checklists,1,10,measured_warm,local_application_api_latency,200,12,2.019,none,30,Sequential loopback request against the same existing MySQL fixture; warm-up excluded; no mutating endpoints.,
realtime_pre_ws,54779d5d7aa87eb65a2e6b66cc4a1b20711d8630,checklist_retrieval,GET,/checklists,1,11,measured_warm,local_application_api_latency,200,12,1.331,none,30,Sequential loopback request against the same existing MySQL fixture; warm-up excluded; no mutating endpoints.,
realtime_pre_ws,54779d5d7aa87eb65a2e6b66cc4a1b20711d8630,checklist_retrieval,GET,/checklists,1,12,measured_warm,local_application_api_latency,200,12,1.508,none,30,Sequential loopback request against the same existing MySQL fixture; warm-up excluded; no mutating endpoints.,
realtime_pre_ws,54779d5d7aa87eb65a2e6b66cc4a1b20711d8630,checklist_retrieval,GET,/checklists,1,13,measured_warm,local_application_api_latency,200,12,1.069,none,30,Sequential loopback request against the same existing MySQL fixture; warm-up excluded; no mutating endpoints.,
realtime_pre_ws,54779d5d7aa87eb65a2e6b66cc4a1b20711d8630,checklist_retrieval,GET,/checklists,1,14,measured_warm,local_application_api_latency,200,12,1.508,none,30,Sequential loopback request against the same existing MySQL fixture; warm-up excluded; no mutating endpoints.,
realtime_pre_ws,54779d5d7aa87eb65a2e6b66cc4a1b20711d8630,checklist_retrieval,GET,/checklists,1,15,measured_warm,local_application_api_latency,200,12,1.547,none,30,Sequential loopback request against the same existing MySQL fixture; warm-up excluded; no mutating endpoints.,
realtime_pre_ws,54779d5d7aa87eb65a2e6b66cc4a1b20711d8630,checklist_retrieval,GET,/checklists,1,16,measured_warm,local_application_api_latency,200,12,1.200,none,30,Sequential loopback request against the same existing MySQL fixture; warm-up excluded; no mutating endpoints.,
realtime_pre_ws,54779d5d7aa87eb65a2e6b66cc4a1b20711d8630,checklist_retrieval,GET,/checklists,1,17,measured_warm,local_application_api_latency,200,12,1.899,none,30,Sequential loopback request against the same existing MySQL fixture; warm-up excluded; no mutating endpoints.,
realtime_pre_ws,54779d5d7aa87eb65a2e6b66cc4a1b20711d8630,checklist_retrieval,GET,/checklists,1,18,measured_warm,local_application_api_latency,200,12,1.835,none,30,Sequential loopback request against the same existing MySQL fixture; warm-up excluded; no mutating endpoints.,
realtime_pre_ws,54779d5d7aa87eb65a2e6b66cc4a1b20711d8630,checklist_retrieval,GET,/checklists,1,19,measured_warm,local_application_api_latency,200,12,1.655,none,30,Sequential loopback request against the same existing MySQL fixture; warm-up excluded; no mutating endpoints.,
realtime_pre_ws,54779d5d7aa87eb65a2e6b66cc4a1b20711d8630,checklist_retrieval,GET,/checklists,1,20,measured_warm,local_application_api_latency,200,12,1.251,none,30,Sequential loopback request against the same existing MySQL fixture; warm-up excluded; no mutating endpoints.,
realtime_pre_ws,54779d5d7aa87eb65a2e6b66cc4a1b20711d8630,checklist_retrieval,GET,/checklists,1,21,measured_warm,local_application_api_latency,200,12,1.885,none,30,Sequential loopback request against the same existing MySQL fixture; warm-up excluded; no mutating endpoints.,
realtime_pre_ws,54779d5d7aa87eb65a2e6b66cc4a1b20711d8630,checklist_retrieval,GET,/checklists,1,22,measured_warm,local_application_api_latency,200,12,1.175,none,30,Sequential loopback request against the same existing MySQL fixture; warm-up excluded; no mutating endpoints.,
realtime_pre_ws,54779d5d7aa87eb65a2e6b66cc4a1b20711d8630,checklist_retrieval,GET,/checklists,1,23,measured_warm,local_application_api_latency,200,12,1.847,none,30,Sequential loopback request against the same existing MySQL fixture; warm-up excluded; no mutating endpoints.,
realtime_pre_ws,54779d5d7aa87eb65a2e6b66cc4a1b20711d8630,checklist_retrieval,GET,/checklists,1,24,measured_warm,local_application_api_latency,200,12,1.672,none,30,Sequential loopback request against the same existing MySQL fixture; warm-up excluded; no mutating endpoints.,
realtime_pre_ws,54779d5d7aa87eb65a2e6b66cc4a1b20711d8630,checklist_retrieval,GET,/checklists,1,25,measured_warm,local_application_api_latency,200,12,1.740,none,30,Sequential loopback request against the same existing MySQL fixture; warm-up excluded; no mutating endpoints.,
realtime_pre_ws,54779d5d7aa87eb65a2e6b66cc4a1b20711d8630,checklist_retrieval,GET,/checklists,1,26,measured_warm,local_application_api_latency,200,12,1.498,none,30,Sequential loopback request against the same existing MySQL fixture; warm-up excluded; no mutating endpoints.,
realtime_pre_ws,54779d5d7aa87eb65a2e6b66cc4a1b20711d8630,checklist_retrieval,GET,/checklists,1,27,measured_warm,local_application_api_latency,200,12,1.482,none,30,Sequential loopback request against the same existing MySQL fixture; warm-up excluded; no mutating endpoints.,
realtime_pre_ws,54779d5d7aa87eb65a2e6b66cc4a1b20711d8630,checklist_retrieval,GET,/checklists,1,28,measured_warm,local_application_api_latency,200,12,1.568,none,30,Sequential loopback request against the same existing MySQL fixture; warm-up excluded; no mutating endpoints.,
realtime_pre_ws,54779d5d7aa87eb65a2e6b66cc4a1b20711d8630,checklist_retrieval,GET,/checklists,1,29,measured_warm,local_application_api_latency,200,12,1.618,none,30,Sequential loopback request against the same existing MySQL fixture; warm-up excluded; no mutating endpoints.,
realtime_pre_ws,54779d5d7aa87eb65a2e6b66cc4a1b20711d8630,checklist_retrieval,GET,/checklists,1,30,measured_warm,local_application_api_latency,200,12,1.136,none,30,Sequential loopback request against the same existing MySQL fixture; warm-up excluded; no mutating endpoints.,
final,c1007231c2bf1dc77091bb381df5462de3dd6b6f,authentication_login,POST,/auth/login,1,0,warmup,local_application_api_latency,200,344,70.356,none,1,Sequential loopback request against the same existing MySQL fixture; warm-up excluded; no mutating endpoints.,
final,c1007231c2bf1dc77091bb381df5462de3dd6b6f,authentication_login,POST,/auth/login,1,1,measured_warm,local_application_api_latency,200,344,70.016,none,30,Sequential loopback request against the same existing MySQL fixture; warm-up excluded; no mutating endpoints.,
final,c1007231c2bf1dc77091bb381df5462de3dd6b6f,authentication_login,POST,/auth/login,1,2,measured_warm,local_application_api_latency,200,344,68.704,none,30,Sequential loopback request against the same existing MySQL fixture; warm-up excluded; no mutating endpoints.,
final,c1007231c2bf1dc77091bb381df5462de3dd6b6f,authentication_login,POST,/auth/login,1,3,measured_warm,local_application_api_latency,200,344,70.900,none,30,Sequential loopback request against the same existing MySQL fixture; warm-up excluded; no mutating endpoints.,
final,c1007231c2bf1dc77091bb381df5462de3dd6b6f,authentication_login,POST,/auth/login,1,4,measured_warm,local_application_api_latency,200,344,71.891,none,30,Sequential loopback request against the same existing MySQL fixture; warm-up excluded; no mutating endpoints.,
final,c1007231c2bf1dc77091bb381df5462de3dd6b6f,authentication_login,POST,/auth/login,1,5,measured_warm,local_application_api_latency,200,344,75.302,none,30,Sequential loopback request against the same existing MySQL fixture; warm-up excluded; no mutating endpoints.,
final,c1007231c2bf1dc77091bb381df5462de3dd6b6f,authentication_login,POST,/auth/login,1,6,measured_warm,local_application_api_latency,200,344,82.319,none,30,Sequential loopback request against the same existing MySQL fixture; warm-up excluded; no mutating endpoints.,
final,c1007231c2bf1dc77091bb381df5462de3dd6b6f,authentication_login,POST,/auth/login,1,7,measured_warm,local_application_api_latency,200,344,87.671,none,30,Sequential loopback request against the same existing MySQL fixture; warm-up excluded; no mutating endpoints.,
final,c1007231c2bf1dc77091bb381df5462de3dd6b6f,authentication_login,POST,/auth/login,1,8,measured_warm,local_application_api_latency,200,344,91.514,none,30,Sequential loopback request against the same existing MySQL fixture; warm-up excluded; no mutating endpoints.,
final,c1007231c2bf1dc77091bb381df5462de3dd6b6f,authentication_login,POST,/auth/login,1,9,measured_warm,local_application_api_latency,200,344,97.285,none,30,Sequential loopback request against the same existing MySQL fixture; warm-up excluded; no mutating endpoints.,
final,c1007231c2bf1dc77091bb381df5462de3dd6b6f,authentication_login,POST,/auth/login,1,10,measured_warm,local_application_api_latency,200,344,102.939,none,30,Sequential loopback request against the same existing MySQL fixture; warm-up excluded; no mutating endpoints.,
final,c1007231c2bf1dc77091bb381df5462de3dd6b6f,authentication_login,POST,/auth/login,1,11,measured_warm,local_application_api_latency,200,344,105.742,none,30,Sequential loopback request against the same existing MySQL fixture; warm-up excluded; no mutating endpoints.,
final,c1007231c2bf1dc77091bb381df5462de3dd6b6f,authentication_login,POST,/auth/login,1,12,measured_warm,local_application_api_latency,200,344,104.663,none,30,Sequential loopback request against the same existing MySQL fixture; warm-up excluded; no mutating endpoints.,
final,c1007231c2bf1dc77091bb381df5462de3dd6b6f,authentication_login,POST,/auth/login,1,13,measured_warm,local_application_api_latency,200,344,107.911,none,30,Sequential loopback request against the same existing MySQL fixture; warm-up excluded; no mutating endpoints.,
final,c1007231c2bf1dc77091bb381df5462de3dd6b6f,authentication_login,POST,/auth/login,1,14,measured_warm,local_application_api_latency,200,344,114.692,none,30,Sequential loopback request against the same existing MySQL fixture; warm-up excluded; no mutating endpoints.,
final,c1007231c2bf1dc77091bb381df5462de3dd6b6f,authentication_login,POST,/auth/login,1,15,measured_warm,local_application_api_latency,200,344,103.127,none,30,Sequential loopback request against the same existing MySQL fixture; warm-up excluded; no mutating endpoints.,
final,c1007231c2bf1dc77091bb381df5462de3dd6b6f,authentication_login,POST,/auth/login,1,16,measured_warm,local_application_api_latency,200,344,97.362,none,30,Sequential loopback request against the same existing MySQL fixture; warm-up excluded; no mutating endpoints.,
final,c1007231c2bf1dc77091bb381df5462de3dd6b6f,authentication_login,POST,/auth/login,1,17,measured_warm,local_application_api_latency,200,344,94.614,none,30,Sequential loopback request against the same existing MySQL fixture; warm-up excluded; no mutating endpoints.,
final,c1007231c2bf1dc77091bb381df5462de3dd6b6f,authentication_login,POST,/auth/login,1,18,measured_warm,local_application_api_latency,200,344,98.758,none,30,Sequential loopback request against the same existing MySQL fixture; warm-up excluded; no mutating endpoints.,
final,c1007231c2bf1dc77091bb381df5462de3dd6b6f,authentication_login,POST,/auth/login,1,19,measured_warm,local_application_api_latency,200,344,87.249,none,30,Sequential loopback request against the same existing MySQL fixture; warm-up excluded; no mutating endpoints.,
final,c1007231c2bf1dc77091bb381df5462de3dd6b6f,authentication_login,POST,/auth/login,1,20,measured_warm,local_application_api_latency,200,344,84.967,none,30,Sequential loopback request against the same existing MySQL fixture; warm-up excluded; no mutating endpoints.,
final,c1007231c2bf1dc77091bb381df5462de3dd6b6f,authentication_login,POST,/auth/login,1,21,measured_warm,local_application_api_latency,200,344,83.280,none,30,Sequential loopback request against the same existing MySQL fixture; warm-up excluded; no mutating endpoints.,
final,c1007231c2bf1dc77091bb381df5462de3dd6b6f,authentication_login,POST,/auth/login,1,22,measured_warm,local_application_api_latency,200,344,87.491,none,30,Sequential loopback request against the same existing MySQL fixture; warm-up excluded; no mutating endpoints.,
final,c1007231c2bf1dc77091bb381df5462de3dd6b6f,authentication_login,POST,/auth/login,1,23,measured_warm,local_application_api_latency,200,344,92.451,none,30,Sequential loopback request against the same existing MySQL fixture; warm-up excluded; no mutating endpoints.,
final,c1007231c2bf1dc77091bb381df5462de3dd6b6f,authentication_login,POST,/auth/login,1,24,measured_warm,local_application_api_latency,200,344,95.164,none,30,Sequential loopback request against the same existing MySQL fixture; warm-up excluded; no mutating endpoints.,
final,c1007231c2bf1dc77091bb381df5462de3dd6b6f,authentication_login,POST,/auth/login,1,25,measured_warm,local_application_api_latency,200,344,96.137,none,30,Sequential loopback request against the same existing MySQL fixture; warm-up excluded; no mutating endpoints.,
final,c1007231c2bf1dc77091bb381df5462de3dd6b6f,authentication_login,POST,/auth/login,1,26,measured_warm,local_application_api_latency,200,344,96.678,none,30,Sequential loopback request against the same existing MySQL fixture; warm-up excluded; no mutating endpoints.,
final,c1007231c2bf1dc77091bb381df5462de3dd6b6f,authentication_login,POST,/auth/login,1,27,measured_warm,local_application_api_latency,200,344,88.861,none,30,Sequential loopback request against the same existing MySQL fixture; warm-up excluded; no mutating endpoints.,
final,c1007231c2bf1dc77091bb381df5462de3dd6b6f,authentication_login,POST,/auth/login,1,28,measured_warm,local_application_api_latency,200,344,85.910,none,30,Sequential loopback request against the same existing MySQL fixture; warm-up excluded; no mutating endpoints.,
final,c1007231c2bf1dc77091bb381df5462de3dd6b6f,authentication_login,POST,/auth/login,1,29,measured_warm,local_application_api_latency,200,344,87.949,none,30,Sequential loopback request against the same existing MySQL fixture; warm-up excluded; no mutating endpoints.,
final,c1007231c2bf1dc77091bb381df5462de3dd6b6f,authentication_login,POST,/auth/login,1,30,measured_warm,local_application_api_latency,200,344,74.519,none,30,Sequential loopback request against the same existing MySQL fixture; warm-up excluded; no mutating endpoints.,
final,c1007231c2bf1dc77091bb381df5462de3dd6b6f,recipe_list,GET,/recipes,1,0,warmup,local_application_api_latency,200,20050,13.364,none,1,Sequential loopback request against the same existing MySQL fixture; warm-up excluded; no mutating endpoints.,
final,c1007231c2bf1dc77091bb381df5462de3dd6b6f,recipe_list,GET,/recipes,1,1,measured_warm,local_application_api_latency,200,20050,13.697,none,30,Sequential loopback request against the same existing MySQL fixture; warm-up excluded; no mutating endpoints.,
final,c1007231c2bf1dc77091bb381df5462de3dd6b6f,recipe_list,GET,/recipes,1,2,measured_warm,local_application_api_latency,200,20050,11.442,none,30,Sequential loopback request against the same existing MySQL fixture; warm-up excluded; no mutating endpoints.,
final,c1007231c2bf1dc77091bb381df5462de3dd6b6f,recipe_list,GET,/recipes,1,3,measured_warm,local_application_api_latency,200,20050,23.774,none,30,Sequential loopback request against the same existing MySQL fixture; warm-up excluded; no mutating endpoints.,
final,c1007231c2bf1dc77091bb381df5462de3dd6b6f,recipe_list,GET,/recipes,1,4,measured_warm,local_application_api_latency,200,20050,28.957,none,30,Sequential loopback request against the same existing MySQL fixture; warm-up excluded; no mutating endpoints.,
final,c1007231c2bf1dc77091bb381df5462de3dd6b6f,recipe_list,GET,/recipes,1,5,measured_warm,local_application_api_latency,200,20050,22.165,none,30,Sequential loopback request against the same existing MySQL fixture; warm-up excluded; no mutating endpoints.,
final,c1007231c2bf1dc77091bb381df5462de3dd6b6f,recipe_list,GET,/recipes,1,6,measured_warm,local_application_api_latency,200,20050,28.560,none,30,Sequential loopback request against the same existing MySQL fixture; warm-up excluded; no mutating endpoints.,
final,c1007231c2bf1dc77091bb381df5462de3dd6b6f,recipe_list,GET,/recipes,1,7,measured_warm,local_application_api_latency,200,20050,24.355,none,30,Sequential loopback request against the same existing MySQL fixture; warm-up excluded; no mutating endpoints.,
final,c1007231c2bf1dc77091bb381df5462de3dd6b6f,recipe_list,GET,/recipes,1,8,measured_warm,local_application_api_latency,200,20050,28.247,none,30,Sequential loopback request against the same existing MySQL fixture; warm-up excluded; no mutating endpoints.,
final,c1007231c2bf1dc77091bb381df5462de3dd6b6f,recipe_list,GET,/recipes,1,9,measured_warm,local_application_api_latency,200,20050,29.187,none,30,Sequential loopback request against the same existing MySQL fixture; warm-up excluded; no mutating endpoints.,
final,c1007231c2bf1dc77091bb381df5462de3dd6b6f,recipe_list,GET,/recipes,1,10,measured_warm,local_application_api_latency,200,20050,24.397,none,30,Sequential loopback request against the same existing MySQL fixture; warm-up excluded; no mutating endpoints.,
final,c1007231c2bf1dc77091bb381df5462de3dd6b6f,recipe_list,GET,/recipes,1,11,measured_warm,local_application_api_latency,200,20050,29.194,none,30,Sequential loopback request against the same existing MySQL fixture; warm-up excluded; no mutating endpoints.,
final,c1007231c2bf1dc77091bb381df5462de3dd6b6f,recipe_list,GET,/recipes,1,12,measured_warm,local_application_api_latency,200,20050,21.231,none,30,Sequential loopback request against the same existing MySQL fixture; warm-up excluded; no mutating endpoints.,
final,c1007231c2bf1dc77091bb381df5462de3dd6b6f,recipe_list,GET,/recipes,1,13,measured_warm,local_application_api_latency,200,20050,22.040,none,30,Sequential loopback request against the same existing MySQL fixture; warm-up excluded; no mutating endpoints.,
final,c1007231c2bf1dc77091bb381df5462de3dd6b6f,recipe_list,GET,/recipes,1,14,measured_warm,local_application_api_latency,200,20050,25.203,none,30,Sequential loopback request against the same existing MySQL fixture; warm-up excluded; no mutating endpoints.,
final,c1007231c2bf1dc77091bb381df5462de3dd6b6f,recipe_list,GET,/recipes,1,15,measured_warm,local_application_api_latency,200,20050,30.094,none,30,Sequential loopback request against the same existing MySQL fixture; warm-up excluded; no mutating endpoints.,
final,c1007231c2bf1dc77091bb381df5462de3dd6b6f,recipe_list,GET,/recipes,1,16,measured_warm,local_application_api_latency,200,20050,27.513,none,30,Sequential loopback request against the same existing MySQL fixture; warm-up excluded; no mutating endpoints.,
final,c1007231c2bf1dc77091bb381df5462de3dd6b6f,recipe_list,GET,/recipes,1,17,measured_warm,local_application_api_latency,200,20050,30.731,none,30,Sequential loopback request against the same existing MySQL fixture; warm-up excluded; no mutating endpoints.,
final,c1007231c2bf1dc77091bb381df5462de3dd6b6f,recipe_list,GET,/recipes,1,18,measured_warm,local_application_api_latency,200,20050,21.666,none,30,Sequential loopback request against the same existing MySQL fixture; warm-up excluded; no mutating endpoints.,
final,c1007231c2bf1dc77091bb381df5462de3dd6b6f,recipe_list,GET,/recipes,1,19,measured_warm,local_application_api_latency,200,20050,27.920,none,30,Sequential loopback request against the same existing MySQL fixture; warm-up excluded; no mutating endpoints.,
final,c1007231c2bf1dc77091bb381df5462de3dd6b6f,recipe_list,GET,/recipes,1,20,measured_warm,local_application_api_latency,200,20050,30.825,none,30,Sequential loopback request against the same existing MySQL fixture; warm-up excluded; no mutating endpoints.,
final,c1007231c2bf1dc77091bb381df5462de3dd6b6f,recipe_list,GET,/recipes,1,21,measured_warm,local_application_api_latency,200,20050,28.255,none,30,Sequential loopback request against the same existing MySQL fixture; warm-up excluded; no mutating endpoints.,
final,c1007231c2bf1dc77091bb381df5462de3dd6b6f,recipe_list,GET,/recipes,1,22,measured_warm,local_application_api_latency,200,20050,34.350,none,30,Sequential loopback request against the same existing MySQL fixture; warm-up excluded; no mutating endpoints.,
final,c1007231c2bf1dc77091bb381df5462de3dd6b6f,recipe_list,GET,/recipes,1,23,measured_warm,local_application_api_latency,200,20050,31.276,none,30,Sequential loopback request against the same existing MySQL fixture; warm-up excluded; no mutating endpoints.,
final,c1007231c2bf1dc77091bb381df5462de3dd6b6f,recipe_list,GET,/recipes,1,24,measured_warm,local_application_api_latency,200,20050,26.864,none,30,Sequential loopback request against the same existing MySQL fixture; warm-up excluded; no mutating endpoints.,
final,c1007231c2bf1dc77091bb381df5462de3dd6b6f,recipe_list,GET,/recipes,1,25,measured_warm,local_application_api_latency,200,20050,28.629,none,30,Sequential loopback request against the same existing MySQL fixture; warm-up excluded; no mutating endpoints.,
final,c1007231c2bf1dc77091bb381df5462de3dd6b6f,recipe_list,GET,/recipes,1,26,measured_warm,local_application_api_latency,200,20050,29.619,none,30,Sequential loopback request against the same existing MySQL fixture; warm-up excluded; no mutating endpoints.,
final,c1007231c2bf1dc77091bb381df5462de3dd6b6f,recipe_list,GET,/recipes,1,27,measured_warm,local_application_api_latency,200,20050,28.155,none,30,Sequential loopback request against the same existing MySQL fixture; warm-up excluded; no mutating endpoints.,
final,c1007231c2bf1dc77091bb381df5462de3dd6b6f,recipe_list,GET,/recipes,1,28,measured_warm,local_application_api_latency,200,20050,21.932,none,30,Sequential loopback request against the same existing MySQL fixture; warm-up excluded; no mutating endpoints.,
final,c1007231c2bf1dc77091bb381df5462de3dd6b6f,recipe_list,GET,/recipes,1,29,measured_warm,local_application_api_latency,200,20050,24.948,none,30,Sequential loopback request against the same existing MySQL fixture; warm-up excluded; no mutating endpoints.,
final,c1007231c2bf1dc77091bb381df5462de3dd6b6f,recipe_list,GET,/recipes,1,30,measured_warm,local_application_api_latency,200,20050,22.819,none,30,Sequential loopback request against the same existing MySQL fixture; warm-up excluded; no mutating endpoints.,
final,c1007231c2bf1dc77091bb381df5462de3dd6b6f,recipe_detail,GET,/recipes/1,1,0,warmup,local_application_api_latency,200,22524,36.773,none,1,Sequential loopback request against the same existing MySQL fixture; warm-up excluded; no mutating endpoints.,
final,c1007231c2bf1dc77091bb381df5462de3dd6b6f,recipe_detail,GET,/recipes/1,1,1,measured_warm,local_application_api_latency,200,22524,32.585,none,30,Sequential loopback request against the same existing MySQL fixture; warm-up excluded; no mutating endpoints.,
final,c1007231c2bf1dc77091bb381df5462de3dd6b6f,recipe_detail,GET,/recipes/1,1,2,measured_warm,local_application_api_latency,200,22524,39.630,none,30,Sequential loopback request against the same existing MySQL fixture; warm-up excluded; no mutating endpoints.,
final,c1007231c2bf1dc77091bb381df5462de3dd6b6f,recipe_detail,GET,/recipes/1,1,3,measured_warm,local_application_api_latency,200,22524,60.451,none,30,Sequential loopback request against the same existing MySQL fixture; warm-up excluded; no mutating endpoints.,
final,c1007231c2bf1dc77091bb381df5462de3dd6b6f,recipe_detail,GET,/recipes/1,1,4,measured_warm,local_application_api_latency,200,22524,69.486,none,30,Sequential loopback request against the same existing MySQL fixture; warm-up excluded; no mutating endpoints.,
final,c1007231c2bf1dc77091bb381df5462de3dd6b6f,recipe_detail,GET,/recipes/1,1,5,measured_warm,local_application_api_latency,200,22524,73.451,none,30,Sequential loopback request against the same existing MySQL fixture; warm-up excluded; no mutating endpoints.,
final,c1007231c2bf1dc77091bb381df5462de3dd6b6f,recipe_detail,GET,/recipes/1,1,6,measured_warm,local_application_api_latency,200,22524,79.022,none,30,Sequential loopback request against the same existing MySQL fixture; warm-up excluded; no mutating endpoints.,
final,c1007231c2bf1dc77091bb381df5462de3dd6b6f,recipe_detail,GET,/recipes/1,1,7,measured_warm,local_application_api_latency,200,22524,217.633,none,30,Sequential loopback request against the same existing MySQL fixture; warm-up excluded; no mutating endpoints.,
final,c1007231c2bf1dc77091bb381df5462de3dd6b6f,recipe_detail,GET,/recipes/1,1,8,measured_warm,local_application_api_latency,200,22524,239.249,none,30,Sequential loopback request against the same existing MySQL fixture; warm-up excluded; no mutating endpoints.,
final,c1007231c2bf1dc77091bb381df5462de3dd6b6f,recipe_detail,GET,/recipes/1,1,9,measured_warm,local_application_api_latency,200,22524,65.150,none,30,Sequential loopback request against the same existing MySQL fixture; warm-up excluded; no mutating endpoints.,
final,c1007231c2bf1dc77091bb381df5462de3dd6b6f,recipe_detail,GET,/recipes/1,1,10,measured_warm,local_application_api_latency,200,22524,42.345,none,30,Sequential loopback request against the same existing MySQL fixture; warm-up excluded; no mutating endpoints.,
final,c1007231c2bf1dc77091bb381df5462de3dd6b6f,recipe_detail,GET,/recipes/1,1,11,measured_warm,local_application_api_latency,200,22524,49.088,none,30,Sequential loopback request against the same existing MySQL fixture; warm-up excluded; no mutating endpoints.,
final,c1007231c2bf1dc77091bb381df5462de3dd6b6f,recipe_detail,GET,/recipes/1,1,12,measured_warm,local_application_api_latency,200,22524,45.752,none,30,Sequential loopback request against the same existing MySQL fixture; warm-up excluded; no mutating endpoints.,
final,c1007231c2bf1dc77091bb381df5462de3dd6b6f,recipe_detail,GET,/recipes/1,1,13,measured_warm,local_application_api_latency,200,22524,39.726,none,30,Sequential loopback request against the same existing MySQL fixture; warm-up excluded; no mutating endpoints.,
final,c1007231c2bf1dc77091bb381df5462de3dd6b6f,recipe_detail,GET,/recipes/1,1,14,measured_warm,local_application_api_latency,200,22524,44.984,none,30,Sequential loopback request against the same existing MySQL fixture; warm-up excluded; no mutating endpoints.,
final,c1007231c2bf1dc77091bb381df5462de3dd6b6f,recipe_detail,GET,/recipes/1,1,15,measured_warm,local_application_api_latency,200,22524,35.989,none,30,Sequential loopback request against the same existing MySQL fixture; warm-up excluded; no mutating endpoints.,
final,c1007231c2bf1dc77091bb381df5462de3dd6b6f,recipe_detail,GET,/recipes/1,1,16,measured_warm,local_application_api_latency,200,22524,46.518,none,30,Sequential loopback request against the same existing MySQL fixture; warm-up excluded; no mutating endpoints.,
final,c1007231c2bf1dc77091bb381df5462de3dd6b6f,recipe_detail,GET,/recipes/1,1,17,measured_warm,local_application_api_latency,200,22524,37.336,none,30,Sequential loopback request against the same existing MySQL fixture; warm-up excluded; no mutating endpoints.,
final,c1007231c2bf1dc77091bb381df5462de3dd6b6f,recipe_detail,GET,/recipes/1,1,18,measured_warm,local_application_api_latency,200,22524,37.759,none,30,Sequential loopback request against the same existing MySQL fixture; warm-up excluded; no mutating endpoints.,
final,c1007231c2bf1dc77091bb381df5462de3dd6b6f,recipe_detail,GET,/recipes/1,1,19,measured_warm,local_application_api_latency,200,22524,44.256,none,30,Sequential loopback request against the same existing MySQL fixture; warm-up excluded; no mutating endpoints.,
final,c1007231c2bf1dc77091bb381df5462de3dd6b6f,recipe_detail,GET,/recipes/1,1,20,measured_warm,local_application_api_latency,200,22524,42.988,none,30,Sequential loopback request against the same existing MySQL fixture; warm-up excluded; no mutating endpoints.,
final,c1007231c2bf1dc77091bb381df5462de3dd6b6f,recipe_detail,GET,/recipes/1,1,21,measured_warm,local_application_api_latency,200,22524,43.767,none,30,Sequential loopback request against the same existing MySQL fixture; warm-up excluded; no mutating endpoints.,
final,c1007231c2bf1dc77091bb381df5462de3dd6b6f,recipe_detail,GET,/recipes/1,1,22,measured_warm,local_application_api_latency,200,22524,45.895,none,30,Sequential loopback request against the same existing MySQL fixture; warm-up excluded; no mutating endpoints.,
final,c1007231c2bf1dc77091bb381df5462de3dd6b6f,recipe_detail,GET,/recipes/1,1,23,measured_warm,local_application_api_latency,200,22524,44.997,none,30,Sequential loopback request against the same existing MySQL fixture; warm-up excluded; no mutating endpoints.,
final,c1007231c2bf1dc77091bb381df5462de3dd6b6f,recipe_detail,GET,/recipes/1,1,24,measured_warm,local_application_api_latency,200,22524,59.668,none,30,Sequential loopback request against the same existing MySQL fixture; warm-up excluded; no mutating endpoints.,
final,c1007231c2bf1dc77091bb381df5462de3dd6b6f,recipe_detail,GET,/recipes/1,1,25,measured_warm,local_application_api_latency,200,22524,40.250,none,30,Sequential loopback request against the same existing MySQL fixture; warm-up excluded; no mutating endpoints.,
final,c1007231c2bf1dc77091bb381df5462de3dd6b6f,recipe_detail,GET,/recipes/1,1,26,measured_warm,local_application_api_latency,200,22524,38.682,none,30,Sequential loopback request against the same existing MySQL fixture; warm-up excluded; no mutating endpoints.,
final,c1007231c2bf1dc77091bb381df5462de3dd6b6f,recipe_detail,GET,/recipes/1,1,27,measured_warm,local_application_api_latency,200,22524,43.370,none,30,Sequential loopback request against the same existing MySQL fixture; warm-up excluded; no mutating endpoints.,
final,c1007231c2bf1dc77091bb381df5462de3dd6b6f,recipe_detail,GET,/recipes/1,1,28,measured_warm,local_application_api_latency,200,22524,39.091,none,30,Sequential loopback request against the same existing MySQL fixture; warm-up excluded; no mutating endpoints.,
final,c1007231c2bf1dc77091bb381df5462de3dd6b6f,recipe_detail,GET,/recipes/1,1,29,measured_warm,local_application_api_latency,200,22524,45.615,none,30,Sequential loopback request against the same existing MySQL fixture; warm-up excluded; no mutating endpoints.,
final,c1007231c2bf1dc77091bb381df5462de3dd6b6f,recipe_detail,GET,/recipes/1,1,30,measured_warm,local_application_api_latency,200,22524,39.688,none,30,Sequential loopback request against the same existing MySQL fixture; warm-up excluded; no mutating endpoints.,
final,c1007231c2bf1dc77091bb381df5462de3dd6b6f,checklist_retrieval,GET,/checklists,1,0,warmup,local_application_api_latency,200,12,3.397,none,1,Sequential loopback request against the same existing MySQL fixture; warm-up excluded; no mutating endpoints.,
final,c1007231c2bf1dc77091bb381df5462de3dd6b6f,checklist_retrieval,GET,/checklists,1,1,measured_warm,local_application_api_latency,200,12,2.768,none,30,Sequential loopback request against the same existing MySQL fixture; warm-up excluded; no mutating endpoints.,
final,c1007231c2bf1dc77091bb381df5462de3dd6b6f,checklist_retrieval,GET,/checklists,1,2,measured_warm,local_application_api_latency,200,12,2.736,none,30,Sequential loopback request against the same existing MySQL fixture; warm-up excluded; no mutating endpoints.,
final,c1007231c2bf1dc77091bb381df5462de3dd6b6f,checklist_retrieval,GET,/checklists,1,3,measured_warm,local_application_api_latency,200,12,1.918,none,30,Sequential loopback request against the same existing MySQL fixture; warm-up excluded; no mutating endpoints.,
final,c1007231c2bf1dc77091bb381df5462de3dd6b6f,checklist_retrieval,GET,/checklists,1,4,measured_warm,local_application_api_latency,200,12,1.830,none,30,Sequential loopback request against the same existing MySQL fixture; warm-up excluded; no mutating endpoints.,
final,c1007231c2bf1dc77091bb381df5462de3dd6b6f,checklist_retrieval,GET,/checklists,1,5,measured_warm,local_application_api_latency,200,12,2.120,none,30,Sequential loopback request against the same existing MySQL fixture; warm-up excluded; no mutating endpoints.,
final,c1007231c2bf1dc77091bb381df5462de3dd6b6f,checklist_retrieval,GET,/checklists,1,6,measured_warm,local_application_api_latency,200,12,1.707,none,30,Sequential loopback request against the same existing MySQL fixture; warm-up excluded; no mutating endpoints.,
final,c1007231c2bf1dc77091bb381df5462de3dd6b6f,checklist_retrieval,GET,/checklists,1,7,measured_warm,local_application_api_latency,200,12,1.936,none,30,Sequential loopback request against the same existing MySQL fixture; warm-up excluded; no mutating endpoints.,
final,c1007231c2bf1dc77091bb381df5462de3dd6b6f,checklist_retrieval,GET,/checklists,1,8,measured_warm,local_application_api_latency,200,12,1.443,none,30,Sequential loopback request against the same existing MySQL fixture; warm-up excluded; no mutating endpoints.,
final,c1007231c2bf1dc77091bb381df5462de3dd6b6f,checklist_retrieval,GET,/checklists,1,9,measured_warm,local_application_api_latency,200,12,1.674,none,30,Sequential loopback request against the same existing MySQL fixture; warm-up excluded; no mutating endpoints.,
final,c1007231c2bf1dc77091bb381df5462de3dd6b6f,checklist_retrieval,GET,/checklists,1,10,measured_warm,local_application_api_latency,200,12,1.577,none,30,Sequential loopback request against the same existing MySQL fixture; warm-up excluded; no mutating endpoints.,
final,c1007231c2bf1dc77091bb381df5462de3dd6b6f,checklist_retrieval,GET,/checklists,1,11,measured_warm,local_application_api_latency,200,12,1.620,none,30,Sequential loopback request against the same existing MySQL fixture; warm-up excluded; no mutating endpoints.,
final,c1007231c2bf1dc77091bb381df5462de3dd6b6f,checklist_retrieval,GET,/checklists,1,12,measured_warm,local_application_api_latency,200,12,1.522,none,30,Sequential loopback request against the same existing MySQL fixture; warm-up excluded; no mutating endpoints.,
final,c1007231c2bf1dc77091bb381df5462de3dd6b6f,checklist_retrieval,GET,/checklists,1,13,measured_warm,local_application_api_latency,200,12,1.712,none,30,Sequential loopback request against the same existing MySQL fixture; warm-up excluded; no mutating endpoints.,
final,c1007231c2bf1dc77091bb381df5462de3dd6b6f,checklist_retrieval,GET,/checklists,1,14,measured_warm,local_application_api_latency,200,12,1.427,none,30,Sequential loopback request against the same existing MySQL fixture; warm-up excluded; no mutating endpoints.,
final,c1007231c2bf1dc77091bb381df5462de3dd6b6f,checklist_retrieval,GET,/checklists,1,15,measured_warm,local_application_api_latency,200,12,1.540,none,30,Sequential loopback request against the same existing MySQL fixture; warm-up excluded; no mutating endpoints.,
final,c1007231c2bf1dc77091bb381df5462de3dd6b6f,checklist_retrieval,GET,/checklists,1,16,measured_warm,local_application_api_latency,200,12,1.392,none,30,Sequential loopback request against the same existing MySQL fixture; warm-up excluded; no mutating endpoints.,
final,c1007231c2bf1dc77091bb381df5462de3dd6b6f,checklist_retrieval,GET,/checklists,1,17,measured_warm,local_application_api_latency,200,12,1.475,none,30,Sequential loopback request against the same existing MySQL fixture; warm-up excluded; no mutating endpoints.,
final,c1007231c2bf1dc77091bb381df5462de3dd6b6f,checklist_retrieval,GET,/checklists,1,18,measured_warm,local_application_api_latency,200,12,1.478,none,30,Sequential loopback request against the same existing MySQL fixture; warm-up excluded; no mutating endpoints.,
final,c1007231c2bf1dc77091bb381df5462de3dd6b6f,checklist_retrieval,GET,/checklists,1,19,measured_warm,local_application_api_latency,200,12,1.445,none,30,Sequential loopback request against the same existing MySQL fixture; warm-up excluded; no mutating endpoints.,
final,c1007231c2bf1dc77091bb381df5462de3dd6b6f,checklist_retrieval,GET,/checklists,1,20,measured_warm,local_application_api_latency,200,12,1.480,none,30,Sequential loopback request against the same existing MySQL fixture; warm-up excluded; no mutating endpoints.,
final,c1007231c2bf1dc77091bb381df5462de3dd6b6f,checklist_retrieval,GET,/checklists,1,21,measured_warm,local_application_api_latency,200,12,1.148,none,30,Sequential loopback request against the same existing MySQL fixture; warm-up excluded; no mutating endpoints.,
final,c1007231c2bf1dc77091bb381df5462de3dd6b6f,checklist_retrieval,GET,/checklists,1,22,measured_warm,local_application_api_latency,200,12,1.536,none,30,Sequential loopback request against the same existing MySQL fixture; warm-up excluded; no mutating endpoints.,
final,c1007231c2bf1dc77091bb381df5462de3dd6b6f,checklist_retrieval,GET,/checklists,1,23,measured_warm,local_application_api_latency,200,12,1.545,none,30,Sequential loopback request against the same existing MySQL fixture; warm-up excluded; no mutating endpoints.,
final,c1007231c2bf1dc77091bb381df5462de3dd6b6f,checklist_retrieval,GET,/checklists,1,24,measured_warm,local_application_api_latency,200,12,1.488,none,30,Sequential loopback request against the same existing MySQL fixture; warm-up excluded; no mutating endpoints.,
final,c1007231c2bf1dc77091bb381df5462de3dd6b6f,checklist_retrieval,GET,/checklists,1,25,measured_warm,local_application_api_latency,200,12,1.172,none,30,Sequential loopback request against the same existing MySQL fixture; warm-up excluded; no mutating endpoints.,
final,c1007231c2bf1dc77091bb381df5462de3dd6b6f,checklist_retrieval,GET,/checklists,1,26,measured_warm,local_application_api_latency,200,12,1.555,none,30,Sequential loopback request against the same existing MySQL fixture; warm-up excluded; no mutating endpoints.,
final,c1007231c2bf1dc77091bb381df5462de3dd6b6f,checklist_retrieval,GET,/checklists,1,27,measured_warm,local_application_api_latency,200,12,1.495,none,30,Sequential loopback request against the same existing MySQL fixture; warm-up excluded; no mutating endpoints.,
final,c1007231c2bf1dc77091bb381df5462de3dd6b6f,checklist_retrieval,GET,/checklists,1,28,measured_warm,local_application_api_latency,200,12,1.409,none,30,Sequential loopback request against the same existing MySQL fixture; warm-up excluded; no mutating endpoints.,
final,c1007231c2bf1dc77091bb381df5462de3dd6b6f,checklist_retrieval,GET,/checklists,1,29,measured_warm,local_application_api_latency,200,12,1.552,none,30,Sequential loopback request against the same existing MySQL fixture; warm-up excluded; no mutating endpoints.,
final,c1007231c2bf1dc77091bb381df5462de3dd6b6f,checklist_retrieval,GET,/checklists,1,30,measured_warm,local_application_api_latency,200,12,1.364,none,30,Sequential loopback request against the same existing MySQL fixture; warm-up excluded; no mutating endpoints.,
final,c1007231c2bf1dc77091bb381df5462de3dd6b6f,food_map_spots,GET,/food-spots/public,1,0,warmup,local_application_api_latency,200,176,1.063,none,1,Sequential loopback request against the same existing MySQL fixture; warm-up excluded; no mutating endpoints.,
final,c1007231c2bf1dc77091bb381df5462de3dd6b6f,food_map_spots,GET,/food-spots/public,1,1,measured_warm,local_application_api_latency,200,176,1.426,none,30,Sequential loopback request against the same existing MySQL fixture; warm-up excluded; no mutating endpoints.,
final,c1007231c2bf1dc77091bb381df5462de3dd6b6f,food_map_spots,GET,/food-spots/public,1,2,measured_warm,local_application_api_latency,200,176,1.031,none,30,Sequential loopback request against the same existing MySQL fixture; warm-up excluded; no mutating endpoints.,
final,c1007231c2bf1dc77091bb381df5462de3dd6b6f,food_map_spots,GET,/food-spots/public,1,3,measured_warm,local_application_api_latency,200,176,1.217,none,30,Sequential loopback request against the same existing MySQL fixture; warm-up excluded; no mutating endpoints.,
final,c1007231c2bf1dc77091bb381df5462de3dd6b6f,food_map_spots,GET,/food-spots/public,1,4,measured_warm,local_application_api_latency,200,176,0.918,none,30,Sequential loopback request against the same existing MySQL fixture; warm-up excluded; no mutating endpoints.,
final,c1007231c2bf1dc77091bb381df5462de3dd6b6f,food_map_spots,GET,/food-spots/public,1,5,measured_warm,local_application_api_latency,200,176,0.776,none,30,Sequential loopback request against the same existing MySQL fixture; warm-up excluded; no mutating endpoints.,
final,c1007231c2bf1dc77091bb381df5462de3dd6b6f,food_map_spots,GET,/food-spots/public,1,6,measured_warm,local_application_api_latency,200,176,0.783,none,30,Sequential loopback request against the same existing MySQL fixture; warm-up excluded; no mutating endpoints.,
final,c1007231c2bf1dc77091bb381df5462de3dd6b6f,food_map_spots,GET,/food-spots/public,1,7,measured_warm,local_application_api_latency,200,176,2.187,none,30,Sequential loopback request against the same existing MySQL fixture; warm-up excluded; no mutating endpoints.,
final,c1007231c2bf1dc77091bb381df5462de3dd6b6f,food_map_spots,GET,/food-spots/public,1,8,measured_warm,local_application_api_latency,200,176,1.202,none,30,Sequential loopback request against the same existing MySQL fixture; warm-up excluded; no mutating endpoints.,
final,c1007231c2bf1dc77091bb381df5462de3dd6b6f,food_map_spots,GET,/food-spots/public,1,9,measured_warm,local_application_api_latency,200,176,0.942,none,30,Sequential loopback request against the same existing MySQL fixture; warm-up excluded; no mutating endpoints.,
final,c1007231c2bf1dc77091bb381df5462de3dd6b6f,food_map_spots,GET,/food-spots/public,1,10,measured_warm,local_application_api_latency,200,176,0.773,none,30,Sequential loopback request against the same existing MySQL fixture; warm-up excluded; no mutating endpoints.,
final,c1007231c2bf1dc77091bb381df5462de3dd6b6f,food_map_spots,GET,/food-spots/public,1,11,measured_warm,local_application_api_latency,200,176,0.739,none,30,Sequential loopback request against the same existing MySQL fixture; warm-up excluded; no mutating endpoints.,
final,c1007231c2bf1dc77091bb381df5462de3dd6b6f,food_map_spots,GET,/food-spots/public,1,12,measured_warm,local_application_api_latency,200,176,0.724,none,30,Sequential loopback request against the same existing MySQL fixture; warm-up excluded; no mutating endpoints.,
final,c1007231c2bf1dc77091bb381df5462de3dd6b6f,food_map_spots,GET,/food-spots/public,1,13,measured_warm,local_application_api_latency,200,176,0.794,none,30,Sequential loopback request against the same existing MySQL fixture; warm-up excluded; no mutating endpoints.,
final,c1007231c2bf1dc77091bb381df5462de3dd6b6f,food_map_spots,GET,/food-spots/public,1,14,measured_warm,local_application_api_latency,200,176,1.160,none,30,Sequential loopback request against the same existing MySQL fixture; warm-up excluded; no mutating endpoints.,
final,c1007231c2bf1dc77091bb381df5462de3dd6b6f,food_map_spots,GET,/food-spots/public,1,15,measured_warm,local_application_api_latency,200,176,1.034,none,30,Sequential loopback request against the same existing MySQL fixture; warm-up excluded; no mutating endpoints.,
final,c1007231c2bf1dc77091bb381df5462de3dd6b6f,food_map_spots,GET,/food-spots/public,1,16,measured_warm,local_application_api_latency,200,176,0.969,none,30,Sequential loopback request against the same existing MySQL fixture; warm-up excluded; no mutating endpoints.,
final,c1007231c2bf1dc77091bb381df5462de3dd6b6f,food_map_spots,GET,/food-spots/public,1,17,measured_warm,local_application_api_latency,200,176,1.100,none,30,Sequential loopback request against the same existing MySQL fixture; warm-up excluded; no mutating endpoints.,
final,c1007231c2bf1dc77091bb381df5462de3dd6b6f,food_map_spots,GET,/food-spots/public,1,18,measured_warm,local_application_api_latency,200,176,0.776,none,30,Sequential loopback request against the same existing MySQL fixture; warm-up excluded; no mutating endpoints.,
final,c1007231c2bf1dc77091bb381df5462de3dd6b6f,food_map_spots,GET,/food-spots/public,1,19,measured_warm,local_application_api_latency,200,176,0.691,none,30,Sequential loopback request against the same existing MySQL fixture; warm-up excluded; no mutating endpoints.,
final,c1007231c2bf1dc77091bb381df5462de3dd6b6f,food_map_spots,GET,/food-spots/public,1,20,measured_warm,local_application_api_latency,200,176,0.685,none,30,Sequential loopback request against the same existing MySQL fixture; warm-up excluded; no mutating endpoints.,
final,c1007231c2bf1dc77091bb381df5462de3dd6b6f,food_map_spots,GET,/food-spots/public,1,21,measured_warm,local_application_api_latency,200,176,0.862,none,30,Sequential loopback request against the same existing MySQL fixture; warm-up excluded; no mutating endpoints.,
final,c1007231c2bf1dc77091bb381df5462de3dd6b6f,food_map_spots,GET,/food-spots/public,1,22,measured_warm,local_application_api_latency,200,176,1.124,none,30,Sequential loopback request against the same existing MySQL fixture; warm-up excluded; no mutating endpoints.,
final,c1007231c2bf1dc77091bb381df5462de3dd6b6f,food_map_spots,GET,/food-spots/public,1,23,measured_warm,local_application_api_latency,200,176,1.001,none,30,Sequential loopback request against the same existing MySQL fixture; warm-up excluded; no mutating endpoints.,
final,c1007231c2bf1dc77091bb381df5462de3dd6b6f,food_map_spots,GET,/food-spots/public,1,24,measured_warm,local_application_api_latency,200,176,0.738,none,30,Sequential loopback request against the same existing MySQL fixture; warm-up excluded; no mutating endpoints.,
final,c1007231c2bf1dc77091bb381df5462de3dd6b6f,food_map_spots,GET,/food-spots/public,1,25,measured_warm,local_application_api_latency,200,176,0.697,none,30,Sequential loopback request against the same existing MySQL fixture; warm-up excluded; no mutating endpoints.,
final,c1007231c2bf1dc77091bb381df5462de3dd6b6f,food_map_spots,GET,/food-spots/public,1,26,measured_warm,local_application_api_latency,200,176,0.706,none,30,Sequential loopback request against the same existing MySQL fixture; warm-up excluded; no mutating endpoints.,
final,c1007231c2bf1dc77091bb381df5462de3dd6b6f,food_map_spots,GET,/food-spots/public,1,27,measured_warm,local_application_api_latency,200,176,0.720,none,30,Sequential loopback request against the same existing MySQL fixture; warm-up excluded; no mutating endpoints.,
final,c1007231c2bf1dc77091bb381df5462de3dd6b6f,food_map_spots,GET,/food-spots/public,1,28,measured_warm,local_application_api_latency,200,176,1.053,none,30,Sequential loopback request against the same existing MySQL fixture; warm-up excluded; no mutating endpoints.,
final,c1007231c2bf1dc77091bb381df5462de3dd6b6f,food_map_spots,GET,/food-spots/public,1,29,measured_warm,local_application_api_latency,200,176,1.168,none,30,Sequential loopback request against the same existing MySQL fixture; warm-up excluded; no mutating endpoints.,
final,c1007231c2bf1dc77091bb381df5462de3dd6b6f,food_map_spots,GET,/food-spots/public,1,30,measured_warm,local_application_api_latency,200,176,1.026,none,30,Sequential loopback request against the same existing MySQL fixture; warm-up excluded; no mutating endpoints.,
final,c1007231c2bf1dc77091bb381df5462de3dd6b6f,restaurants,GET,/restaurants,1,0,warmup,local_application_api_latency,200,6290,1.185,none,1,Sequential loopback request against the same existing MySQL fixture; warm-up excluded; no mutating endpoints.,
final,c1007231c2bf1dc77091bb381df5462de3dd6b6f,restaurants,GET,/restaurants,1,1,measured_warm,local_application_api_latency,200,6290,1.013,none,30,Sequential loopback request against the same existing MySQL fixture; warm-up excluded; no mutating endpoints.,
final,c1007231c2bf1dc77091bb381df5462de3dd6b6f,restaurants,GET,/restaurants,1,2,measured_warm,local_application_api_latency,200,6290,1.040,none,30,Sequential loopback request against the same existing MySQL fixture; warm-up excluded; no mutating endpoints.,
final,c1007231c2bf1dc77091bb381df5462de3dd6b6f,restaurants,GET,/restaurants,1,3,measured_warm,local_application_api_latency,200,6290,0.901,none,30,Sequential loopback request against the same existing MySQL fixture; warm-up excluded; no mutating endpoints.,
final,c1007231c2bf1dc77091bb381df5462de3dd6b6f,restaurants,GET,/restaurants,1,4,measured_warm,local_application_api_latency,200,6290,1.327,none,30,Sequential loopback request against the same existing MySQL fixture; warm-up excluded; no mutating endpoints.,
final,c1007231c2bf1dc77091bb381df5462de3dd6b6f,restaurants,GET,/restaurants,1,5,measured_warm,local_application_api_latency,200,6290,1.665,none,30,Sequential loopback request against the same existing MySQL fixture; warm-up excluded; no mutating endpoints.,
final,c1007231c2bf1dc77091bb381df5462de3dd6b6f,restaurants,GET,/restaurants,1,6,measured_warm,local_application_api_latency,200,6290,1.073,none,30,Sequential loopback request against the same existing MySQL fixture; warm-up excluded; no mutating endpoints.,
final,c1007231c2bf1dc77091bb381df5462de3dd6b6f,restaurants,GET,/restaurants,1,7,measured_warm,local_application_api_latency,200,6290,0.992,none,30,Sequential loopback request against the same existing MySQL fixture; warm-up excluded; no mutating endpoints.,
final,c1007231c2bf1dc77091bb381df5462de3dd6b6f,restaurants,GET,/restaurants,1,8,measured_warm,local_application_api_latency,200,6290,0.856,none,30,Sequential loopback request against the same existing MySQL fixture; warm-up excluded; no mutating endpoints.,
final,c1007231c2bf1dc77091bb381df5462de3dd6b6f,restaurants,GET,/restaurants,1,9,measured_warm,local_application_api_latency,200,6290,0.951,none,30,Sequential loopback request against the same existing MySQL fixture; warm-up excluded; no mutating endpoints.,
final,c1007231c2bf1dc77091bb381df5462de3dd6b6f,restaurants,GET,/restaurants,1,10,measured_warm,local_application_api_latency,200,6290,1.139,none,30,Sequential loopback request against the same existing MySQL fixture; warm-up excluded; no mutating endpoints.,
final,c1007231c2bf1dc77091bb381df5462de3dd6b6f,restaurants,GET,/restaurants,1,11,measured_warm,local_application_api_latency,200,6290,1.283,none,30,Sequential loopback request against the same existing MySQL fixture; warm-up excluded; no mutating endpoints.,
final,c1007231c2bf1dc77091bb381df5462de3dd6b6f,restaurants,GET,/restaurants,1,12,measured_warm,local_application_api_latency,200,6290,1.525,none,30,Sequential loopback request against the same existing MySQL fixture; warm-up excluded; no mutating endpoints.,
final,c1007231c2bf1dc77091bb381df5462de3dd6b6f,restaurants,GET,/restaurants,1,13,measured_warm,local_application_api_latency,200,6290,0.863,none,30,Sequential loopback request against the same existing MySQL fixture; warm-up excluded; no mutating endpoints.,
final,c1007231c2bf1dc77091bb381df5462de3dd6b6f,restaurants,GET,/restaurants,1,14,measured_warm,local_application_api_latency,200,6290,0.813,none,30,Sequential loopback request against the same existing MySQL fixture; warm-up excluded; no mutating endpoints.,
final,c1007231c2bf1dc77091bb381df5462de3dd6b6f,restaurants,GET,/restaurants,1,15,measured_warm,local_application_api_latency,200,6290,0.938,none,30,Sequential loopback request against the same existing MySQL fixture; warm-up excluded; no mutating endpoints.,
final,c1007231c2bf1dc77091bb381df5462de3dd6b6f,restaurants,GET,/restaurants,1,16,measured_warm,local_application_api_latency,200,6290,0.996,none,30,Sequential loopback request against the same existing MySQL fixture; warm-up excluded; no mutating endpoints.,
final,c1007231c2bf1dc77091bb381df5462de3dd6b6f,restaurants,GET,/restaurants,1,17,measured_warm,local_application_api_latency,200,6290,1.019,none,30,Sequential loopback request against the same existing MySQL fixture; warm-up excluded; no mutating endpoints.,
final,c1007231c2bf1dc77091bb381df5462de3dd6b6f,restaurants,GET,/restaurants,1,18,measured_warm,local_application_api_latency,200,6290,0.921,none,30,Sequential loopback request against the same existing MySQL fixture; warm-up excluded; no mutating endpoints.,
final,c1007231c2bf1dc77091bb381df5462de3dd6b6f,restaurants,GET,/restaurants,1,19,measured_warm,local_application_api_latency,200,6290,0.884,none,30,Sequential loopback request against the same existing MySQL fixture; warm-up excluded; no mutating endpoints.,
final,c1007231c2bf1dc77091bb381df5462de3dd6b6f,restaurants,GET,/restaurants,1,20,measured_warm,local_application_api_latency,200,6290,0.962,none,30,Sequential loopback request against the same existing MySQL fixture; warm-up excluded; no mutating endpoints.,
final,c1007231c2bf1dc77091bb381df5462de3dd6b6f,restaurants,GET,/restaurants,1,21,measured_warm,local_application_api_latency,200,6290,0.896,none,30,Sequential loopback request against the same existing MySQL fixture; warm-up excluded; no mutating endpoints.,
final,c1007231c2bf1dc77091bb381df5462de3dd6b6f,restaurants,GET,/restaurants,1,22,measured_warm,local_application_api_latency,200,6290,1.048,none,30,Sequential loopback request against the same existing MySQL fixture; warm-up excluded; no mutating endpoints.,
final,c1007231c2bf1dc77091bb381df5462de3dd6b6f,restaurants,GET,/restaurants,1,23,measured_warm,local_application_api_latency,200,6290,0.983,none,30,Sequential loopback request against the same existing MySQL fixture; warm-up excluded; no mutating endpoints.,
final,c1007231c2bf1dc77091bb381df5462de3dd6b6f,restaurants,GET,/restaurants,1,24,measured_warm,local_application_api_latency,200,6290,1.150,none,30,Sequential loopback request against the same existing MySQL fixture; warm-up excluded; no mutating endpoints.,
final,c1007231c2bf1dc77091bb381df5462de3dd6b6f,restaurants,GET,/restaurants,1,25,measured_warm,local_application_api_latency,200,6290,1.067,none,30,Sequential loopback request against the same existing MySQL fixture; warm-up excluded; no mutating endpoints.,
final,c1007231c2bf1dc77091bb381df5462de3dd6b6f,restaurants,GET,/restaurants,1,26,measured_warm,local_application_api_latency,200,6290,1.029,none,30,Sequential loopback request against the same existing MySQL fixture; warm-up excluded; no mutating endpoints.,
final,c1007231c2bf1dc77091bb381df5462de3dd6b6f,restaurants,GET,/restaurants,1,27,measured_warm,local_application_api_latency,200,6290,0.956,none,30,Sequential loopback request against the same existing MySQL fixture; warm-up excluded; no mutating endpoints.,
final,c1007231c2bf1dc77091bb381df5462de3dd6b6f,restaurants,GET,/restaurants,1,28,measured_warm,local_application_api_latency,200,6290,1.177,none,30,Sequential loopback request against the same existing MySQL fixture; warm-up excluded; no mutating endpoints.,
final,c1007231c2bf1dc77091bb381df5462de3dd6b6f,restaurants,GET,/restaurants,1,29,measured_warm,local_application_api_latency,200,6290,0.869,none,30,Sequential loopback request against the same existing MySQL fixture; warm-up excluded; no mutating endpoints.,
final,c1007231c2bf1dc77091bb381df5462de3dd6b6f,restaurants,GET,/restaurants,1,30,measured_warm,local_application_api_latency,200,6290,1.058,none,30,Sequential loopback request against the same existing MySQL fixture; warm-up excluded; no mutating endpoints.,
