version_id,case_id,ocr_call_count,total_wall_clock_ms,ocr_call_unit,latency_unit,sample_size,run_type,evidence_type,caveat
track2_v3,shorts_001,0,0.118900,calls,ms,1,measured_warm,deterministic_30_case_router_fixture,Router-only fixture makes zero provider calls; do not infer an OCR relationship.
track2_v3,shorts_002,0,0.054400,calls,ms,1,measured_warm,deterministic_30_case_router_fixture,Router-only fixture makes zero provider calls; do not infer an OCR relationship.
track2_v3,shorts_003,0,0.063800,calls,ms,1,measured_warm,deterministic_30_case_router_fixture,Router-only fixture makes zero provider calls; do not infer an OCR relationship.
track2_v3,shorts_004,0,0.054900,calls,ms,1,measured_warm,deterministic_30_case_router_fixture,Router-only fixture makes zero provider calls; do not infer an OCR relationship.
track2_v3,shorts_005,0,0.036700,calls,ms,1,measured_warm,deterministic_30_case_router_fixture,Router-only fixture makes zero provider calls; do not infer an OCR relationship.
track2_v3,shorts_006,0,0.036600,calls,ms,1,measured_warm,deterministic_30_case_router_fixture,Router-only fixture makes zero provider calls; do not infer an OCR relationship.
track2_v3,shorts_007,0,0.190100,calls,ms,1,measured_warm,deterministic_30_case_router_fixture,Router-only fixture makes zero provider calls; do not infer an OCR relationship.
track2_v3,shorts_008,0,0.131300,calls,ms,1,measured_warm,deterministic_30_case_router_fixture,Router-only fixture makes zero provider calls; do not infer an OCR relationship.
track2_v3,shorts_009,0,0.125900,calls,ms,1,measured_warm,deterministic_30_case_router_fixture,Router-only fixture makes zero provider calls; do not infer an OCR relationship.
track2_v3,shorts_010,0,0.098000,calls,ms,1,measured_warm,deterministic_30_case_router_fixture,Router-only fixture makes zero provider calls; do not infer an OCR relationship.
track2_v3,shorts_011,0,0.111300,calls,ms,1,measured_warm,deterministic_30_case_router_fixture,Router-only fixture makes zero provider calls; do not infer an OCR relationship.
track2_v3,shorts_012,0,0.083100,calls,ms,1,measured_warm,deterministic_30_case_router_fixture,Router-only fixture makes zero provider calls; do not infer an OCR relationship.
track2_v3,shorts_013,0,0.072300,calls,ms,1,measured_warm,deterministic_30_case_router_fixture,Router-only fixture makes zero provider calls; do not infer an OCR relationship.
track2_v3,shorts_014,0,0.556000,calls,ms,1,measured_warm,deterministic_30_case_router_fixture,Router-only fixture makes zero provider calls; do not infer an OCR relationship.
track2_v3,shorts_015,0,0.050600,calls,ms,1,measured_warm,deterministic_30_case_router_fixture,Router-only fixture makes zero provider calls; do not infer an OCR relationship.
track2_v3,shorts_016,0,0.044200,calls,ms,1,measured_warm,deterministic_30_case_router_fixture,Router-only fixture makes zero provider calls; do not infer an OCR relationship.
track2_v3,shorts_017,0,0.064200,calls,ms,1,measured_warm,deterministic_30_case_router_fixture,Router-only fixture makes zero provider calls; do not infer an OCR relationship.
track2_v3,shorts_018,0,0.047200,calls,ms,1,measured_warm,deterministic_30_case_router_fixture,Router-only fixture makes zero provider calls; do not infer an OCR relationship.
track2_v3,shorts_019,0,0.040500,calls,ms,1,measured_warm,deterministic_30_case_router_fixture,Router-only fixture makes zero provider calls; do not infer an OCR relationship.
track2_v3,shorts_020,0,0.045300,calls,ms,1,measured_warm,deterministic_30_case_router_fixture,Router-only fixture makes zero provider calls; do not infer an OCR relationship.
track2_v3,shorts_021,0,0.042200,calls,ms,1,measured_warm,deterministic_30_case_router_fixture,Router-only fixture makes zero provider calls; do not infer an OCR relationship.
track2_v3,shorts_022,0,0.037300,calls,ms,1,measured_warm,deterministic_30_case_router_fixture,Router-only fixture makes zero provider calls; do not infer an OCR relationship.
track2_v3,shorts_023,0,0.053600,calls,ms,1,measured_warm,deterministic_30_case_router_fixture,Router-only fixture makes zero provider calls; do not infer an OCR relationship.
track2_v3,shorts_024,0,0.031800,calls,ms,1,measured_warm,deterministic_30_case_router_fixture,Router-only fixture makes zero provider calls; do not infer an OCR relationship.
track2_v3,shorts_025,0,0.033700,calls,ms,1,measured_warm,deterministic_30_case_router_fixture,Router-only fixture makes zero provider calls; do not infer an OCR relationship.
track2_v3,shorts_026,0,0.037800,calls,ms,1,measured_warm,deterministic_30_case_router_fixture,Router-only fixture makes zero provider calls; do not infer an OCR relationship.
track2_v3,shorts_027,0,0.025100,calls,ms,1,measured_warm,deterministic_30_case_router_fixture,Router-only fixture makes zero provider calls; do not infer an OCR relationship.
track2_v3,shorts_028,0,0.201000,calls,ms,1,measured_warm,deterministic_30_case_router_fixture,Router-only fixture makes zero provider calls; do not infer an OCR relationship.
track2_v3,shorts_029,0,0.059600,calls,ms,1,measured_warm,deterministic_30_case_router_fixture,Router-only fixture makes zero provider calls; do not infer an OCR relationship.
track2_v3,shorts_030,0,0.043700,calls,ms,1,measured_warm,deterministic_30_case_router_fixture,Router-only fixture makes zero provider calls; do not infer an OCR relationship.
track2_v3,shorts_001,0,0.046400,calls,ms,1,measured_warm,deterministic_30_case_router_fixture,Router-only fixture makes zero provider calls; do not infer an OCR relationship.
track2_v3,shorts_002,0,0.031300,calls,ms,1,measured_warm,deterministic_30_case_router_fixture,Router-only fixture makes zero provider calls; do not infer an OCR relationship.
track2_v3,shorts_003,0,0.040300,calls,ms,1,measured_warm,deterministic_30_case_router_fixture,Router-only fixture makes zero provider calls; do not infer an OCR relationship.
track2_v3,shorts_004,0,0.034900,calls,ms,1,measured_warm,deterministic_30_case_router_fixture,Router-only fixture makes zero provider calls; do not infer an OCR relationship.
track2_v3,shorts_005,0,0.028900,calls,ms,1,measured_warm,deterministic_30_case_router_fixture,Router-only fixture makes zero provider calls; do not infer an OCR relationship.
track2_v3,shorts_006,0,0.023200,calls,ms,1,measured_warm,deterministic_30_case_router_fixture,Router-only fixture makes zero provider calls; do not infer an OCR relationship.
track2_v3,shorts_007,0,0.111200,calls,ms,1,measured_warm,deterministic_30_case_router_fixture,Router-only fixture makes zero provider calls; do not infer an OCR relationship.
track2_v3,shorts_008,0,0.079200,calls,ms,1,measured_warm,deterministic_30_case_router_fixture,Router-only fixture makes zero provider calls; do not infer an OCR relationship.
track2_v3,shorts_009,0,0.130300,calls,ms,1,measured_warm,deterministic_30_case_router_fixture,Router-only fixture makes zero provider calls; do not infer an OCR relationship.
track2_v3,shorts_010,0,0.072700,calls,ms,1,measured_warm,deterministic_30_case_router_fixture,Router-only fixture makes zero provider calls; do not infer an OCR relationship.
track2_v3,shorts_011,0,0.067000,calls,ms,1,measured_warm,deterministic_30_case_router_fixture,Router-only fixture makes zero provider calls; do not infer an OCR relationship.
track2_v3,shorts_012,0,0.055400,calls,ms,1,measured_warm,deterministic_30_case_router_fixture,Router-only fixture makes zero provider calls; do not infer an OCR relationship.
track2_v3,shorts_013,0,0.039000,calls,ms,1,measured_warm,deterministic_30_case_router_fixture,Router-only fixture makes zero provider calls; do not infer an OCR relationship.
track2_v3,shorts_014,0,0.052100,calls,ms,1,measured_warm,deterministic_30_case_router_fixture,Router-only fixture makes zero provider calls; do not infer an OCR relationship.
track2_v3,shorts_015,0,0.054800,calls,ms,1,measured_warm,deterministic_30_case_router_fixture,Router-only fixture makes zero provider calls; do not infer an OCR relationship.
track2_v3,shorts_016,0,0.100500,calls,ms,1,measured_warm,deterministic_30_case_router_fixture,Router-only fixture makes zero provider calls; do not infer an OCR relationship.
track2_v3,shorts_017,0,0.089100,calls,ms,1,measured_warm,deterministic_30_case_router_fixture,Router-only fixture makes zero provider calls; do not infer an OCR relationship.
track2_v3,shorts_018,0,0.081300,calls,ms,1,measured_warm,deterministic_30_case_router_fixture,Router-only fixture makes zero provider calls; do not infer an OCR relationship.
track2_v3,shorts_019,0,0.065000,calls,ms,1,measured_warm,deterministic_30_case_router_fixture,Router-only fixture makes zero provider calls; do not infer an OCR relationship.
track2_v3,shorts_020,0,0.076900,calls,ms,1,measured_warm,deterministic_30_case_router_fixture,Router-only fixture makes zero provider calls; do not infer an OCR relationship.
track2_v3,shorts_021,0,0.064000,calls,ms,1,measured_warm,deterministic_30_case_router_fixture,Router-only fixture makes zero provider calls; do not infer an OCR relationship.
track2_v3,shorts_022,0,0.060100,calls,ms,1,measured_warm,deterministic_30_case_router_fixture,Router-only fixture makes zero provider calls; do not infer an OCR relationship.
track2_v3,shorts_023,0,0.059400,calls,ms,1,measured_warm,deterministic_30_case_router_fixture,Router-only fixture makes zero provider calls; do not infer an OCR relationship.
track2_v3,shorts_024,0,0.035800,calls,ms,1,measured_warm,deterministic_30_case_router_fixture,Router-only fixture makes zero provider calls; do not infer an OCR relationship.
track2_v3,shorts_025,0,0.051200,calls,ms,1,measured_warm,deterministic_30_case_router_fixture,Router-only fixture makes zero provider calls; do not infer an OCR relationship.
track2_v3,shorts_026,0,0.054800,calls,ms,1,measured_warm,deterministic_30_case_router_fixture,Router-only fixture makes zero provider calls; do not infer an OCR relationship.
track2_v3,shorts_027,0,0.031500,calls,ms,1,measured_warm,deterministic_30_case_router_fixture,Router-only fixture makes zero provider calls; do not infer an OCR relationship.
track2_v3,shorts_028,0,0.716300,calls,ms,1,measured_warm,deterministic_30_case_router_fixture,Router-only fixture makes zero provider calls; do not infer an OCR relationship.
track2_v3,shorts_029,0,0.065600,calls,ms,1,measured_warm,deterministic_30_case_router_fixture,Router-only fixture makes zero provider calls; do not infer an OCR relationship.
track2_v3,shorts_030,0,0.044600,calls,ms,1,measured_warm,deterministic_30_case_router_fixture,Router-only fixture makes zero provider calls; do not infer an OCR relationship.
track2_v3,shorts_001,0,0.045200,calls,ms,1,measured_warm,deterministic_30_case_router_fixture,Router-only fixture makes zero provider calls; do not infer an OCR relationship.
track2_v3,shorts_002,0,0.031200,calls,ms,1,measured_warm,deterministic_30_case_router_fixture,Router-only fixture makes zero provider calls; do not infer an OCR relationship.
track2_v3,shorts_003,0,0.038700,calls,ms,1,measured_warm,deterministic_30_case_router_fixture,Router-only fixture makes zero provider calls; do not infer an OCR relationship.
track2_v3,shorts_004,0,0.032700,calls,ms,1,measured_warm,deterministic_30_case_router_fixture,Router-only fixture makes zero provider calls; do not infer an OCR relationship.
track2_v3,shorts_005,0,0.026600,calls,ms,1,measured_warm,deterministic_30_case_router_fixture,Router-only fixture makes zero provider calls; do not infer an OCR relationship.
track2_v3,shorts_006,0,0.021800,calls,ms,1,measured_warm,deterministic_30_case_router_fixture,Router-only fixture makes zero provider calls; do not infer an OCR relationship.
track2_v3,shorts_007,0,0.144300,calls,ms,1,measured_warm,deterministic_30_case_router_fixture,Router-only fixture makes zero provider calls; do not infer an OCR relationship.
track2_v3,shorts_008,0,0.106700,calls,ms,1,measured_warm,deterministic_30_case_router_fixture,Router-only fixture makes zero provider calls; do not infer an OCR relationship.
track2_v3,shorts_009,0,0.121500,calls,ms,1,measured_warm,deterministic_30_case_router_fixture,Router-only fixture makes zero provider calls; do not infer an OCR relationship.
track2_v3,shorts_010,0,0.066500,calls,ms,1,measured_warm,deterministic_30_case_router_fixture,Router-only fixture makes zero provider calls; do not infer an OCR relationship.
track2_v3,shorts_011,0,0.044400,calls,ms,1,measured_warm,deterministic_30_case_router_fixture,Router-only fixture makes zero provider calls; do not infer an OCR relationship.
track2_v3,shorts_012,0,0.032900,calls,ms,1,measured_warm,deterministic_30_case_router_fixture,Router-only fixture makes zero provider calls; do not infer an OCR relationship.
track2_v3,shorts_013,0,0.030900,calls,ms,1,measured_warm,deterministic_30_case_router_fixture,Router-only fixture makes zero provider calls; do not infer an OCR relationship.
track2_v3,shorts_014,0,0.034500,calls,ms,1,measured_warm,deterministic_30_case_router_fixture,Router-only fixture makes zero provider calls; do not infer an OCR relationship.
track2_v3,shorts_015,0,0.033500,calls,ms,1,measured_warm,deterministic_30_case_router_fixture,Router-only fixture makes zero provider calls; do not infer an OCR relationship.
track2_v3,shorts_016,0,0.037000,calls,ms,1,measured_warm,deterministic_30_case_router_fixture,Router-only fixture makes zero provider calls; do not infer an OCR relationship.
track2_v3,shorts_017,0,0.054700,calls,ms,1,measured_warm,deterministic_30_case_router_fixture,Router-only fixture makes zero provider calls; do not infer an OCR relationship.
track2_v3,shorts_018,0,0.041900,calls,ms,1,measured_warm,deterministic_30_case_router_fixture,Router-only fixture makes zero provider calls; do not infer an OCR relationship.
track2_v3,shorts_019,0,0.041100,calls,ms,1,measured_warm,deterministic_30_case_router_fixture,Router-only fixture makes zero provider calls; do not infer an OCR relationship.
track2_v3,shorts_020,0,0.039800,calls,ms,1,measured_warm,deterministic_30_case_router_fixture,Router-only fixture makes zero provider calls; do not infer an OCR relationship.
track2_v3,shorts_021,0,0.034500,calls,ms,1,measured_warm,deterministic_30_case_router_fixture,Router-only fixture makes zero provider calls; do not infer an OCR relationship.
track2_v3,shorts_022,0,0.033400,calls,ms,1,measured_warm,deterministic_30_case_router_fixture,Router-only fixture makes zero provider calls; do not infer an OCR relationship.
track2_v3,shorts_023,0,0.031000,calls,ms,1,measured_warm,deterministic_30_case_router_fixture,Router-only fixture makes zero provider calls; do not infer an OCR relationship.
track2_v3,shorts_024,0,0.020900,calls,ms,1,measured_warm,deterministic_30_case_router_fixture,Router-only fixture makes zero provider calls; do not infer an OCR relationship.
track2_v3,shorts_025,0,0.028800,calls,ms,1,measured_warm,deterministic_30_case_router_fixture,Router-only fixture makes zero provider calls; do not infer an OCR relationship.
track2_v3,shorts_026,0,0.029000,calls,ms,1,measured_warm,deterministic_30_case_router_fixture,Router-only fixture makes zero provider calls; do not infer an OCR relationship.
track2_v3,shorts_027,0,0.017600,calls,ms,1,measured_warm,deterministic_30_case_router_fixture,Router-only fixture makes zero provider calls; do not infer an OCR relationship.
track2_v3,shorts_028,0,0.190700,calls,ms,1,measured_warm,deterministic_30_case_router_fixture,Router-only fixture makes zero provider calls; do not infer an OCR relationship.
track2_v3,shorts_029,0,0.041100,calls,ms,1,measured_warm,deterministic_30_case_router_fixture,Router-only fixture makes zero provider calls; do not infer an OCR relationship.
track2_v3,shorts_030,0,0.037500,calls,ms,1,measured_warm,deterministic_30_case_router_fixture,Router-only fixture makes zero provider calls; do not infer an OCR relationship.
track2_v3,shorts_001,0,0.042500,calls,ms,1,measured_warm,deterministic_30_case_router_fixture,Router-only fixture makes zero provider calls; do not infer an OCR relationship.
track2_v3,shorts_002,0,0.028700,calls,ms,1,measured_warm,deterministic_30_case_router_fixture,Router-only fixture makes zero provider calls; do not infer an OCR relationship.
track2_v3,shorts_003,0,0.037900,calls,ms,1,measured_warm,deterministic_30_case_router_fixture,Router-only fixture makes zero provider calls; do not infer an OCR relationship.
track2_v3,shorts_004,0,0.031700,calls,ms,1,measured_warm,deterministic_30_case_router_fixture,Router-only fixture makes zero provider calls; do not infer an OCR relationship.
track2_v3,shorts_005,0,0.026000,calls,ms,1,measured_warm,deterministic_30_case_router_fixture,Router-only fixture makes zero provider calls; do not infer an OCR relationship.
track2_v3,shorts_006,0,0.023300,calls,ms,1,measured_warm,deterministic_30_case_router_fixture,Router-only fixture makes zero provider calls; do not infer an OCR relationship.
track2_v3,shorts_007,0,0.080700,calls,ms,1,measured_warm,deterministic_30_case_router_fixture,Router-only fixture makes zero provider calls; do not infer an OCR relationship.
track2_v3,shorts_008,0,0.065900,calls,ms,1,measured_warm,deterministic_30_case_router_fixture,Router-only fixture makes zero provider calls; do not infer an OCR relationship.
track2_v3,shorts_009,0,0.347100,calls,ms,1,measured_warm,deterministic_30_case_router_fixture,Router-only fixture makes zero provider calls; do not infer an OCR relationship.
track2_v3,shorts_010,0,0.117000,calls,ms,1,measured_warm,deterministic_30_case_router_fixture,Router-only fixture makes zero provider calls; do not infer an OCR relationship.
track2_v3,shorts_011,0,0.056800,calls,ms,1,measured_warm,deterministic_30_case_router_fixture,Router-only fixture makes zero provider calls; do not infer an OCR relationship.
track2_v3,shorts_012,0,0.035300,calls,ms,1,measured_warm,deterministic_30_case_router_fixture,Router-only fixture makes zero provider calls; do not infer an OCR relationship.
track2_v3,shorts_013,0,0.032200,calls,ms,1,measured_warm,deterministic_30_case_router_fixture,Router-only fixture makes zero provider calls; do not infer an OCR relationship.
track2_v3,shorts_014,0,0.064800,calls,ms,1,measured_warm,deterministic_30_case_router_fixture,Router-only fixture makes zero provider calls; do not infer an OCR relationship.
track2_v3,shorts_015,0,0.036200,calls,ms,1,measured_warm,deterministic_30_case_router_fixture,Router-only fixture makes zero provider calls; do not infer an OCR relationship.
track2_v3,shorts_016,0,0.035200,calls,ms,1,measured_warm,deterministic_30_case_router_fixture,Router-only fixture makes zero provider calls; do not infer an OCR relationship.
track2_v3,shorts_017,0,0.053500,calls,ms,1,measured_warm,deterministic_30_case_router_fixture,Router-only fixture makes zero provider calls; do not infer an OCR relationship.
track2_v3,shorts_018,0,0.044700,calls,ms,1,measured_warm,deterministic_30_case_router_fixture,Router-only fixture makes zero provider calls; do not infer an OCR relationship.
track2_v3,shorts_019,0,0.040400,calls,ms,1,measured_warm,deterministic_30_case_router_fixture,Router-only fixture makes zero provider calls; do not infer an OCR relationship.
track2_v3,shorts_020,0,0.044100,calls,ms,1,measured_warm,deterministic_30_case_router_fixture,Router-only fixture makes zero provider calls; do not infer an OCR relationship.
track2_v3,shorts_021,0,0.036600,calls,ms,1,measured_warm,deterministic_30_case_router_fixture,Router-only fixture makes zero provider calls; do not infer an OCR relationship.
track2_v3,shorts_022,0,0.032500,calls,ms,1,measured_warm,deterministic_30_case_router_fixture,Router-only fixture makes zero provider calls; do not infer an OCR relationship.
track2_v3,shorts_023,0,0.036500,calls,ms,1,measured_warm,deterministic_30_case_router_fixture,Router-only fixture makes zero provider calls; do not infer an OCR relationship.
track2_v3,shorts_024,0,0.024700,calls,ms,1,measured_warm,deterministic_30_case_router_fixture,Router-only fixture makes zero provider calls; do not infer an OCR relationship.
track2_v3,shorts_025,0,0.029300,calls,ms,1,measured_warm,deterministic_30_case_router_fixture,Router-only fixture makes zero provider calls; do not infer an OCR relationship.
track2_v3,shorts_026,0,0.029300,calls,ms,1,measured_warm,deterministic_30_case_router_fixture,Router-only fixture makes zero provider calls; do not infer an OCR relationship.
track2_v3,shorts_027,0,0.018600,calls,ms,1,measured_warm,deterministic_30_case_router_fixture,Router-only fixture makes zero provider calls; do not infer an OCR relationship.
track2_v3,shorts_028,0,0.206400,calls,ms,1,measured_warm,deterministic_30_case_router_fixture,Router-only fixture makes zero provider calls; do not infer an OCR relationship.
track2_v3,shorts_029,0,0.048100,calls,ms,1,measured_warm,deterministic_30_case_router_fixture,Router-only fixture makes zero provider calls; do not infer an OCR relationship.
track2_v3,shorts_030,0,0.037700,calls,ms,1,measured_warm,deterministic_30_case_router_fixture,Router-only fixture makes zero provider calls; do not infer an OCR relationship.
track2_v3,shorts_001,0,0.041300,calls,ms,1,measured_warm,deterministic_30_case_router_fixture,Router-only fixture makes zero provider calls; do not infer an OCR relationship.
track2_v3,shorts_002,0,0.029800,calls,ms,1,measured_warm,deterministic_30_case_router_fixture,Router-only fixture makes zero provider calls; do not infer an OCR relationship.
track2_v3,shorts_003,0,0.039100,calls,ms,1,measured_warm,deterministic_30_case_router_fixture,Router-only fixture makes zero provider calls; do not infer an OCR relationship.
track2_v3,shorts_004,0,0.034200,calls,ms,1,measured_warm,deterministic_30_case_router_fixture,Router-only fixture makes zero provider calls; do not infer an OCR relationship.
track2_v3,shorts_005,0,0.036700,calls,ms,1,measured_warm,deterministic_30_case_router_fixture,Router-only fixture makes zero provider calls; do not infer an OCR relationship.
track2_v3,shorts_006,0,0.023400,calls,ms,1,measured_warm,deterministic_30_case_router_fixture,Router-only fixture makes zero provider calls; do not infer an OCR relationship.
track2_v3,shorts_007,0,0.097700,calls,ms,1,measured_warm,deterministic_30_case_router_fixture,Router-only fixture makes zero provider calls; do not infer an OCR relationship.
track2_v3,shorts_008,0,0.090000,calls,ms,1,measured_warm,deterministic_30_case_router_fixture,Router-only fixture makes zero provider calls; do not infer an OCR relationship.
track2_v3,shorts_009,0,0.138000,calls,ms,1,measured_warm,deterministic_30_case_router_fixture,Router-only fixture makes zero provider calls; do not infer an OCR relationship.
track2_v3,shorts_010,0,0.076700,calls,ms,1,measured_warm,deterministic_30_case_router_fixture,Router-only fixture makes zero provider calls; do not infer an OCR relationship.
track2_v3,shorts_011,0,0.059500,calls,ms,1,measured_warm,deterministic_30_case_router_fixture,Router-only fixture makes zero provider calls; do not infer an OCR relationship.
track2_v3,shorts_012,0,0.036500,calls,ms,1,measured_warm,deterministic_30_case_router_fixture,Router-only fixture makes zero provider calls; do not infer an OCR relationship.
track2_v3,shorts_013,0,0.066500,calls,ms,1,measured_warm,deterministic_30_case_router_fixture,Router-only fixture makes zero provider calls; do not infer an OCR relationship.
track2_v3,shorts_014,0,0.036500,calls,ms,1,measured_warm,deterministic_30_case_router_fixture,Router-only fixture makes zero provider calls; do not infer an OCR relationship.
track2_v3,shorts_015,0,0.050800,calls,ms,1,measured_warm,deterministic_30_case_router_fixture,Router-only fixture makes zero provider calls; do not infer an OCR relationship.
track2_v3,shorts_016,0,0.060300,calls,ms,1,measured_warm,deterministic_30_case_router_fixture,Router-only fixture makes zero provider calls; do not infer an OCR relationship.
track2_v3,shorts_017,0,0.089100,calls,ms,1,measured_warm,deterministic_30_case_router_fixture,Router-only fixture makes zero provider calls; do not infer an OCR relationship.
track2_v3,shorts_018,0,0.071000,calls,ms,1,measured_warm,deterministic_30_case_router_fixture,Router-only fixture makes zero provider calls; do not infer an OCR relationship.
track2_v3,shorts_019,0,0.071400,calls,ms,1,measured_warm,deterministic_30_case_router_fixture,Router-only fixture makes zero provider calls; do not infer an OCR relationship.
track2_v3,shorts_020,0,0.073600,calls,ms,1,measured_warm,deterministic_30_case_router_fixture,Router-only fixture makes zero provider calls; do not infer an OCR relationship.
track2_v3,shorts_021,0,0.060500,calls,ms,1,measured_warm,deterministic_30_case_router_fixture,Router-only fixture makes zero provider calls; do not infer an OCR relationship.
track2_v3,shorts_022,0,0.339500,calls,ms,1,measured_warm,deterministic_30_case_router_fixture,Router-only fixture makes zero provider calls; do not infer an OCR relationship.
track2_v3,shorts_023,0,0.074000,calls,ms,1,measured_warm,deterministic_30_case_router_fixture,Router-only fixture makes zero provider calls; do not infer an OCR relationship.
track2_v3,shorts_024,0,0.041300,calls,ms,1,measured_warm,deterministic_30_case_router_fixture,Router-only fixture makes zero provider calls; do not infer an OCR relationship.
track2_v3,shorts_025,0,0.049400,calls,ms,1,measured_warm,deterministic_30_case_router_fixture,Router-only fixture makes zero provider calls; do not infer an OCR relationship.
track2_v3,shorts_026,0,0.050600,calls,ms,1,measured_warm,deterministic_30_case_router_fixture,Router-only fixture makes zero provider calls; do not infer an OCR relationship.
track2_v3,shorts_027,0,0.027500,calls,ms,1,measured_warm,deterministic_30_case_router_fixture,Router-only fixture makes zero provider calls; do not infer an OCR relationship.
track2_v3,shorts_028,0,0.272800,calls,ms,1,measured_warm,deterministic_30_case_router_fixture,Router-only fixture makes zero provider calls; do not infer an OCR relationship.
track2_v3,shorts_029,0,0.065900,calls,ms,1,measured_warm,deterministic_30_case_router_fixture,Router-only fixture makes zero provider calls; do not infer an OCR relationship.
track2_v3,shorts_030,0,0.063000,calls,ms,1,measured_warm,deterministic_30_case_router_fixture,Router-only fixture makes zero provider calls; do not infer an OCR relationship.
final,shorts_001,0,0.148500,calls,ms,1,measured_warm,deterministic_30_case_router_fixture,Router-only fixture makes zero provider calls; do not infer an OCR relationship.
final,shorts_002,0,0.054100,calls,ms,1,measured_warm,deterministic_30_case_router_fixture,Router-only fixture makes zero provider calls; do not infer an OCR relationship.
final,shorts_003,0,0.057200,calls,ms,1,measured_warm,deterministic_30_case_router_fixture,Router-only fixture makes zero provider calls; do not infer an OCR relationship.
final,shorts_004,0,0.044300,calls,ms,1,measured_warm,deterministic_30_case_router_fixture,Router-only fixture makes zero provider calls; do not infer an OCR relationship.
final,shorts_005,0,0.032500,calls,ms,1,measured_warm,deterministic_30_case_router_fixture,Router-only fixture makes zero provider calls; do not infer an OCR relationship.
final,shorts_006,0,0.024400,calls,ms,1,measured_warm,deterministic_30_case_router_fixture,Router-only fixture makes zero provider calls; do not infer an OCR relationship.
final,shorts_007,0,0.130100,calls,ms,1,measured_warm,deterministic_30_case_router_fixture,Router-only fixture makes zero provider calls; do not infer an OCR relationship.
final,shorts_008,0,0.086100,calls,ms,1,measured_warm,deterministic_30_case_router_fixture,Router-only fixture makes zero provider calls; do not infer an OCR relationship.
final,shorts_009,0,0.090600,calls,ms,1,measured_warm,deterministic_30_case_router_fixture,Router-only fixture makes zero provider calls; do not infer an OCR relationship.
final,shorts_010,0,0.059900,calls,ms,1,measured_warm,deterministic_30_case_router_fixture,Router-only fixture makes zero provider calls; do not infer an OCR relationship.
final,shorts_011,0,0.056300,calls,ms,1,measured_warm,deterministic_30_case_router_fixture,Router-only fixture makes zero provider calls; do not infer an OCR relationship.
final,shorts_012,0,0.042200,calls,ms,1,measured_warm,deterministic_30_case_router_fixture,Router-only fixture makes zero provider calls; do not infer an OCR relationship.
final,shorts_013,0,0.038300,calls,ms,1,measured_warm,deterministic_30_case_router_fixture,Router-only fixture makes zero provider calls; do not infer an OCR relationship.
final,shorts_014,0,0.035800,calls,ms,1,measured_warm,deterministic_30_case_router_fixture,Router-only fixture makes zero provider calls; do not infer an OCR relationship.
final,shorts_015,0,0.041700,calls,ms,1,measured_warm,deterministic_30_case_router_fixture,Router-only fixture makes zero provider calls; do not infer an OCR relationship.
final,shorts_016,0,0.046700,calls,ms,1,measured_warm,deterministic_30_case_router_fixture,Router-only fixture makes zero provider calls; do not infer an OCR relationship.
final,shorts_017,0,0.061700,calls,ms,1,measured_warm,deterministic_30_case_router_fixture,Router-only fixture makes zero provider calls; do not infer an OCR relationship.
final,shorts_018,0,0.053800,calls,ms,1,measured_warm,deterministic_30_case_router_fixture,Router-only fixture makes zero provider calls; do not infer an OCR relationship.
final,shorts_019,0,0.042000,calls,ms,1,measured_warm,deterministic_30_case_router_fixture,Router-only fixture makes zero provider calls; do not infer an OCR relationship.
final,shorts_020,0,0.056500,calls,ms,1,measured_warm,deterministic_30_case_router_fixture,Router-only fixture makes zero provider calls; do not infer an OCR relationship.
final,shorts_021,0,0.040700,calls,ms,1,measured_warm,deterministic_30_case_router_fixture,Router-only fixture makes zero provider calls; do not infer an OCR relationship.
final,shorts_022,0,0.042100,calls,ms,1,measured_warm,deterministic_30_case_router_fixture,Router-only fixture makes zero provider calls; do not infer an OCR relationship.
final,shorts_023,0,0.037700,calls,ms,1,measured_warm,deterministic_30_case_router_fixture,Router-only fixture makes zero provider calls; do not infer an OCR relationship.
final,shorts_024,0,0.024400,calls,ms,1,measured_warm,deterministic_30_case_router_fixture,Router-only fixture makes zero provider calls; do not infer an OCR relationship.
final,shorts_025,0,0.033500,calls,ms,1,measured_warm,deterministic_30_case_router_fixture,Router-only fixture makes zero provider calls; do not infer an OCR relationship.
final,shorts_026,0,0.034800,calls,ms,1,measured_warm,deterministic_30_case_router_fixture,Router-only fixture makes zero provider calls; do not infer an OCR relationship.
final,shorts_027,0,0.023000,calls,ms,1,measured_warm,deterministic_30_case_router_fixture,Router-only fixture makes zero provider calls; do not infer an OCR relationship.
final,shorts_028,0,0.220600,calls,ms,1,measured_warm,deterministic_30_case_router_fixture,Router-only fixture makes zero provider calls; do not infer an OCR relationship.
final,shorts_029,0,0.054300,calls,ms,1,measured_warm,deterministic_30_case_router_fixture,Router-only fixture makes zero provider calls; do not infer an OCR relationship.
final,shorts_030,0,0.045500,calls,ms,1,measured_warm,deterministic_30_case_router_fixture,Router-only fixture makes zero provider calls; do not infer an OCR relationship.
final,shorts_001,0,0.041500,calls,ms,1,measured_warm,deterministic_30_case_router_fixture,Router-only fixture makes zero provider calls; do not infer an OCR relationship.
final,shorts_002,0,0.031500,calls,ms,1,measured_warm,deterministic_30_case_router_fixture,Router-only fixture makes zero provider calls; do not infer an OCR relationship.
final,shorts_003,0,0.041400,calls,ms,1,measured_warm,deterministic_30_case_router_fixture,Router-only fixture makes zero provider calls; do not infer an OCR relationship.
final,shorts_004,0,0.035400,calls,ms,1,measured_warm,deterministic_30_case_router_fixture,Router-only fixture makes zero provider calls; do not infer an OCR relationship.
final,shorts_005,0,0.030300,calls,ms,1,measured_warm,deterministic_30_case_router_fixture,Router-only fixture makes zero provider calls; do not infer an OCR relationship.
final,shorts_006,0,0.025900,calls,ms,1,measured_warm,deterministic_30_case_router_fixture,Router-only fixture makes zero provider calls; do not infer an OCR relationship.
final,shorts_007,0,0.108400,calls,ms,1,measured_warm,deterministic_30_case_router_fixture,Router-only fixture makes zero provider calls; do not infer an OCR relationship.
final,shorts_008,0,0.087000,calls,ms,1,measured_warm,deterministic_30_case_router_fixture,Router-only fixture makes zero provider calls; do not infer an OCR relationship.
final,shorts_009,0,0.150900,calls,ms,1,measured_warm,deterministic_30_case_router_fixture,Router-only fixture makes zero provider calls; do not infer an OCR relationship.
final,shorts_010,0,0.067800,calls,ms,1,measured_warm,deterministic_30_case_router_fixture,Router-only fixture makes zero provider calls; do not infer an OCR relationship.
final,shorts_011,0,0.436000,calls,ms,1,measured_warm,deterministic_30_case_router_fixture,Router-only fixture makes zero provider calls; do not infer an OCR relationship.
final,shorts_012,0,0.045700,calls,ms,1,measured_warm,deterministic_30_case_router_fixture,Router-only fixture makes zero provider calls; do not infer an OCR relationship.
final,shorts_013,0,0.040900,calls,ms,1,measured_warm,deterministic_30_case_router_fixture,Router-only fixture makes zero provider calls; do not infer an OCR relationship.
final,shorts_014,0,0.038700,calls,ms,1,measured_warm,deterministic_30_case_router_fixture,Router-only fixture makes zero provider calls; do not infer an OCR relationship.
final,shorts_015,0,0.043700,calls,ms,1,measured_warm,deterministic_30_case_router_fixture,Router-only fixture makes zero provider calls; do not infer an OCR relationship.
final,shorts_016,0,0.077800,calls,ms,1,measured_warm,deterministic_30_case_router_fixture,Router-only fixture makes zero provider calls; do not infer an OCR relationship.
final,shorts_017,0,0.068100,calls,ms,1,measured_warm,deterministic_30_case_router_fixture,Router-only fixture makes zero provider calls; do not infer an OCR relationship.
final,shorts_018,0,0.051600,calls,ms,1,measured_warm,deterministic_30_case_router_fixture,Router-only fixture makes zero provider calls; do not infer an OCR relationship.
final,shorts_019,0,0.042000,calls,ms,1,measured_warm,deterministic_30_case_router_fixture,Router-only fixture makes zero provider calls; do not infer an OCR relationship.
final,shorts_020,0,0.050500,calls,ms,1,measured_warm,deterministic_30_case_router_fixture,Router-only fixture makes zero provider calls; do not infer an OCR relationship.
final,shorts_021,0,0.043700,calls,ms,1,measured_warm,deterministic_30_case_router_fixture,Router-only fixture makes zero provider calls; do not infer an OCR relationship.
final,shorts_022,0,0.039700,calls,ms,1,measured_warm,deterministic_30_case_router_fixture,Router-only fixture makes zero provider calls; do not infer an OCR relationship.
final,shorts_023,0,0.036500,calls,ms,1,measured_warm,deterministic_30_case_router_fixture,Router-only fixture makes zero provider calls; do not infer an OCR relationship.
final,shorts_024,0,0.024000,calls,ms,1,measured_warm,deterministic_30_case_router_fixture,Router-only fixture makes zero provider calls; do not infer an OCR relationship.
final,shorts_025,0,0.040200,calls,ms,1,measured_warm,deterministic_30_case_router_fixture,Router-only fixture makes zero provider calls; do not infer an OCR relationship.
final,shorts_026,0,0.037000,calls,ms,1,measured_warm,deterministic_30_case_router_fixture,Router-only fixture makes zero provider calls; do not infer an OCR relationship.
final,shorts_027,0,0.019900,calls,ms,1,measured_warm,deterministic_30_case_router_fixture,Router-only fixture makes zero provider calls; do not infer an OCR relationship.
final,shorts_028,0,0.204400,calls,ms,1,measured_warm,deterministic_30_case_router_fixture,Router-only fixture makes zero provider calls; do not infer an OCR relationship.
final,shorts_029,0,0.045700,calls,ms,1,measured_warm,deterministic_30_case_router_fixture,Router-only fixture makes zero provider calls; do not infer an OCR relationship.
final,shorts_030,0,0.075000,calls,ms,1,measured_warm,deterministic_30_case_router_fixture,Router-only fixture makes zero provider calls; do not infer an OCR relationship.
final,shorts_001,0,0.047300,calls,ms,1,measured_warm,deterministic_30_case_router_fixture,Router-only fixture makes zero provider calls; do not infer an OCR relationship.
final,shorts_002,0,0.031700,calls,ms,1,measured_warm,deterministic_30_case_router_fixture,Router-only fixture makes zero provider calls; do not infer an OCR relationship.
final,shorts_003,0,0.178900,calls,ms,1,measured_warm,deterministic_30_case_router_fixture,Router-only fixture makes zero provider calls; do not infer an OCR relationship.
final,shorts_004,0,0.117900,calls,ms,1,measured_warm,deterministic_30_case_router_fixture,Router-only fixture makes zero provider calls; do not infer an OCR relationship.
final,shorts_005,0,0.050300,calls,ms,1,measured_warm,deterministic_30_case_router_fixture,Router-only fixture makes zero provider calls; do not infer an OCR relationship.
final,shorts_006,0,0.034700,calls,ms,1,measured_warm,deterministic_30_case_router_fixture,Router-only fixture makes zero provider calls; do not infer an OCR relationship.
final,shorts_007,0,0.199900,calls,ms,1,measured_warm,deterministic_30_case_router_fixture,Router-only fixture makes zero provider calls; do not infer an OCR relationship.
final,shorts_008,0,0.131100,calls,ms,1,measured_warm,deterministic_30_case_router_fixture,Router-only fixture makes zero provider calls; do not infer an OCR relationship.
final,shorts_009,0,0.125800,calls,ms,1,measured_warm,deterministic_30_case_router_fixture,Router-only fixture makes zero provider calls; do not infer an OCR relationship.
final,shorts_010,0,0.083300,calls,ms,1,measured_warm,deterministic_30_case_router_fixture,Router-only fixture makes zero provider calls; do not infer an OCR relationship.
final,shorts_011,0,0.069100,calls,ms,1,measured_warm,deterministic_30_case_router_fixture,Router-only fixture makes zero provider calls; do not infer an OCR relationship.
final,shorts_012,0,0.052500,calls,ms,1,measured_warm,deterministic_30_case_router_fixture,Router-only fixture makes zero provider calls; do not infer an OCR relationship.
final,shorts_013,0,0.049700,calls,ms,1,measured_warm,deterministic_30_case_router_fixture,Router-only fixture makes zero provider calls; do not infer an OCR relationship.
final,shorts_014,0,0.048400,calls,ms,1,measured_warm,deterministic_30_case_router_fixture,Router-only fixture makes zero provider calls; do not infer an OCR relationship.
final,shorts_015,0,0.052900,calls,ms,1,measured_warm,deterministic_30_case_router_fixture,Router-only fixture makes zero provider calls; do not infer an OCR relationship.
final,shorts_016,0,0.055200,calls,ms,1,measured_warm,deterministic_30_case_router_fixture,Router-only fixture makes zero provider calls; do not infer an OCR relationship.
final,shorts_017,0,0.080700,calls,ms,1,measured_warm,deterministic_30_case_router_fixture,Router-only fixture makes zero provider calls; do not infer an OCR relationship.
final,shorts_018,0,0.063500,calls,ms,1,measured_warm,deterministic_30_case_router_fixture,Router-only fixture makes zero provider calls; do not infer an OCR relationship.
final,shorts_019,0,0.054200,calls,ms,1,measured_warm,deterministic_30_case_router_fixture,Router-only fixture makes zero provider calls; do not infer an OCR relationship.
final,shorts_020,0,0.062000,calls,ms,1,measured_warm,deterministic_30_case_router_fixture,Router-only fixture makes zero provider calls; do not infer an OCR relationship.
final,shorts_021,0,0.056500,calls,ms,1,measured_warm,deterministic_30_case_router_fixture,Router-only fixture makes zero provider calls; do not infer an OCR relationship.
final,shorts_022,0,0.051800,calls,ms,1,measured_warm,deterministic_30_case_router_fixture,Router-only fixture makes zero provider calls; do not infer an OCR relationship.
final,shorts_023,0,0.048600,calls,ms,1,measured_warm,deterministic_30_case_router_fixture,Router-only fixture makes zero provider calls; do not infer an OCR relationship.
final,shorts_024,0,0.035100,calls,ms,1,measured_warm,deterministic_30_case_router_fixture,Router-only fixture makes zero provider calls; do not infer an OCR relationship.
final,shorts_025,0,0.133200,calls,ms,1,measured_warm,deterministic_30_case_router_fixture,Router-only fixture makes zero provider calls; do not infer an OCR relationship.
final,shorts_026,0,0.114900,calls,ms,1,measured_warm,deterministic_30_case_router_fixture,Router-only fixture makes zero provider calls; do not infer an OCR relationship.
final,shorts_027,0,0.044200,calls,ms,1,measured_warm,deterministic_30_case_router_fixture,Router-only fixture makes zero provider calls; do not infer an OCR relationship.
final,shorts_028,0,0.281800,calls,ms,1,measured_warm,deterministic_30_case_router_fixture,Router-only fixture makes zero provider calls; do not infer an OCR relationship.
final,shorts_029,0,0.060100,calls,ms,1,measured_warm,deterministic_30_case_router_fixture,Router-only fixture makes zero provider calls; do not infer an OCR relationship.
final,shorts_030,0,0.067100,calls,ms,1,measured_warm,deterministic_30_case_router_fixture,Router-only fixture makes zero provider calls; do not infer an OCR relationship.
final,shorts_001,0,0.060900,calls,ms,1,measured_warm,deterministic_30_case_router_fixture,Router-only fixture makes zero provider calls; do not infer an OCR relationship.
final,shorts_002,0,0.044800,calls,ms,1,measured_warm,deterministic_30_case_router_fixture,Router-only fixture makes zero provider calls; do not infer an OCR relationship.
final,shorts_003,0,0.057500,calls,ms,1,measured_warm,deterministic_30_case_router_fixture,Router-only fixture makes zero provider calls; do not infer an OCR relationship.
final,shorts_004,0,0.054800,calls,ms,1,measured_warm,deterministic_30_case_router_fixture,Router-only fixture makes zero provider calls; do not infer an OCR relationship.
final,shorts_005,0,0.045900,calls,ms,1,measured_warm,deterministic_30_case_router_fixture,Router-only fixture makes zero provider calls; do not infer an OCR relationship.
final,shorts_006,0,0.037300,calls,ms,1,measured_warm,deterministic_30_case_router_fixture,Router-only fixture makes zero provider calls; do not infer an OCR relationship.
final,shorts_007,0,0.163400,calls,ms,1,measured_warm,deterministic_30_case_router_fixture,Router-only fixture makes zero provider calls; do not infer an OCR relationship.
final,shorts_008,0,0.136000,calls,ms,1,measured_warm,deterministic_30_case_router_fixture,Router-only fixture makes zero provider calls; do not infer an OCR relationship.
final,shorts_009,0,0.145800,calls,ms,1,measured_warm,deterministic_30_case_router_fixture,Router-only fixture makes zero provider calls; do not infer an OCR relationship.
final,shorts_010,0,0.090200,calls,ms,1,measured_warm,deterministic_30_case_router_fixture,Router-only fixture makes zero provider calls; do not infer an OCR relationship.
final,shorts_011,0,0.076500,calls,ms,1,measured_warm,deterministic_30_case_router_fixture,Router-only fixture makes zero provider calls; do not infer an OCR relationship.
final,shorts_012,0,0.064600,calls,ms,1,measured_warm,deterministic_30_case_router_fixture,Router-only fixture makes zero provider calls; do not infer an OCR relationship.
final,shorts_013,0,0.062200,calls,ms,1,measured_warm,deterministic_30_case_router_fixture,Router-only fixture makes zero provider calls; do not infer an OCR relationship.
final,shorts_014,0,0.036700,calls,ms,1,measured_warm,deterministic_30_case_router_fixture,Router-only fixture makes zero provider calls; do not infer an OCR relationship.
final,shorts_015,0,0.040700,calls,ms,1,measured_warm,deterministic_30_case_router_fixture,Router-only fixture makes zero provider calls; do not infer an OCR relationship.
final,shorts_016,0,0.046000,calls,ms,1,measured_warm,deterministic_30_case_router_fixture,Router-only fixture makes zero provider calls; do not infer an OCR relationship.
final,shorts_017,0,0.083700,calls,ms,1,measured_warm,deterministic_30_case_router_fixture,Router-only fixture makes zero provider calls; do not infer an OCR relationship.
final,shorts_018,0,0.081400,calls,ms,1,measured_warm,deterministic_30_case_router_fixture,Router-only fixture makes zero provider calls; do not infer an OCR relationship.
final,shorts_019,0,0.072000,calls,ms,1,measured_warm,deterministic_30_case_router_fixture,Router-only fixture makes zero provider calls; do not infer an OCR relationship.
final,shorts_020,0,0.075000,calls,ms,1,measured_warm,deterministic_30_case_router_fixture,Router-only fixture makes zero provider calls; do not infer an OCR relationship.
final,shorts_021,0,0.087900,calls,ms,1,measured_warm,deterministic_30_case_router_fixture,Router-only fixture makes zero provider calls; do not infer an OCR relationship.
final,shorts_022,0,0.076700,calls,ms,1,measured_warm,deterministic_30_case_router_fixture,Router-only fixture makes zero provider calls; do not infer an OCR relationship.
final,shorts_023,0,0.061900,calls,ms,1,measured_warm,deterministic_30_case_router_fixture,Router-only fixture makes zero provider calls; do not infer an OCR relationship.
final,shorts_024,0,0.040900,calls,ms,1,measured_warm,deterministic_30_case_router_fixture,Router-only fixture makes zero provider calls; do not infer an OCR relationship.
final,shorts_025,0,0.052600,calls,ms,1,measured_warm,deterministic_30_case_router_fixture,Router-only fixture makes zero provider calls; do not infer an OCR relationship.
final,shorts_026,0,0.050600,calls,ms,1,measured_warm,deterministic_30_case_router_fixture,Router-only fixture makes zero provider calls; do not infer an OCR relationship.
final,shorts_027,0,0.022100,calls,ms,1,measured_warm,deterministic_30_case_router_fixture,Router-only fixture makes zero provider calls; do not infer an OCR relationship.
final,shorts_028,0,0.210600,calls,ms,1,measured_warm,deterministic_30_case_router_fixture,Router-only fixture makes zero provider calls; do not infer an OCR relationship.
final,shorts_029,0,0.048100,calls,ms,1,measured_warm,deterministic_30_case_router_fixture,Router-only fixture makes zero provider calls; do not infer an OCR relationship.
final,shorts_030,0,0.047400,calls,ms,1,measured_warm,deterministic_30_case_router_fixture,Router-only fixture makes zero provider calls; do not infer an OCR relationship.
final,shorts_001,0,0.052700,calls,ms,1,measured_warm,deterministic_30_case_router_fixture,Router-only fixture makes zero provider calls; do not infer an OCR relationship.
final,shorts_002,0,0.032000,calls,ms,1,measured_warm,deterministic_30_case_router_fixture,Router-only fixture makes zero provider calls; do not infer an OCR relationship.
final,shorts_003,0,0.041200,calls,ms,1,measured_warm,deterministic_30_case_router_fixture,Router-only fixture makes zero provider calls; do not infer an OCR relationship.
final,shorts_004,0,0.036900,calls,ms,1,measured_warm,deterministic_30_case_router_fixture,Router-only fixture makes zero provider calls; do not infer an OCR relationship.
final,shorts_005,0,0.033900,calls,ms,1,measured_warm,deterministic_30_case_router_fixture,Router-only fixture makes zero provider calls; do not infer an OCR relationship.
final,shorts_006,0,0.024200,calls,ms,1,measured_warm,deterministic_30_case_router_fixture,Router-only fixture makes zero provider calls; do not infer an OCR relationship.
final,shorts_007,0,0.097900,calls,ms,1,measured_warm,deterministic_30_case_router_fixture,Router-only fixture makes zero provider calls; do not infer an OCR relationship.
final,shorts_008,0,0.081700,calls,ms,1,measured_warm,deterministic_30_case_router_fixture,Router-only fixture makes zero provider calls; do not infer an OCR relationship.
final,shorts_009,0,0.388600,calls,ms,1,measured_warm,deterministic_30_case_router_fixture,Router-only fixture makes zero provider calls; do not infer an OCR relationship.
final,shorts_010,0,0.073700,calls,ms,1,measured_warm,deterministic_30_case_router_fixture,Router-only fixture makes zero provider calls; do not infer an OCR relationship.
final,shorts_011,0,0.046100,calls,ms,1,measured_warm,deterministic_30_case_router_fixture,Router-only fixture makes zero provider calls; do not infer an OCR relationship.
final,shorts_012,0,0.033000,calls,ms,1,measured_warm,deterministic_30_case_router_fixture,Router-only fixture makes zero provider calls; do not infer an OCR relationship.
final,shorts_013,0,0.032400,calls,ms,1,measured_warm,deterministic_30_case_router_fixture,Router-only fixture makes zero provider calls; do not infer an OCR relationship.
final,shorts_014,0,0.030100,calls,ms,1,measured_warm,deterministic_30_case_router_fixture,Router-only fixture makes zero provider calls; do not infer an OCR relationship.
final,shorts_015,0,0.034800,calls,ms,1,measured_warm,deterministic_30_case_router_fixture,Router-only fixture makes zero provider calls; do not infer an OCR relationship.
final,shorts_016,0,0.036700,calls,ms,1,measured_warm,deterministic_30_case_router_fixture,Router-only fixture makes zero provider calls; do not infer an OCR relationship.
final,shorts_017,0,0.054600,calls,ms,1,measured_warm,deterministic_30_case_router_fixture,Router-only fixture makes zero provider calls; do not infer an OCR relationship.
final,shorts_018,0,0.043200,calls,ms,1,measured_warm,deterministic_30_case_router_fixture,Router-only fixture makes zero provider calls; do not infer an OCR relationship.
final,shorts_019,0,0.037100,calls,ms,1,measured_warm,deterministic_30_case_router_fixture,Router-only fixture makes zero provider calls; do not infer an OCR relationship.
final,shorts_020,0,0.040200,calls,ms,1,measured_warm,deterministic_30_case_router_fixture,Router-only fixture makes zero provider calls; do not infer an OCR relationship.
final,shorts_021,0,0.035400,calls,ms,1,measured_warm,deterministic_30_case_router_fixture,Router-only fixture makes zero provider calls; do not infer an OCR relationship.
final,shorts_022,0,0.038900,calls,ms,1,measured_warm,deterministic_30_case_router_fixture,Router-only fixture makes zero provider calls; do not infer an OCR relationship.
final,shorts_023,0,0.035900,calls,ms,1,measured_warm,deterministic_30_case_router_fixture,Router-only fixture makes zero provider calls; do not infer an OCR relationship.
final,shorts_024,0,0.022200,calls,ms,1,measured_warm,deterministic_30_case_router_fixture,Router-only fixture makes zero provider calls; do not infer an OCR relationship.
final,shorts_025,0,0.029500,calls,ms,1,measured_warm,deterministic_30_case_router_fixture,Router-only fixture makes zero provider calls; do not infer an OCR relationship.
final,shorts_026,0,0.028900,calls,ms,1,measured_warm,deterministic_30_case_router_fixture,Router-only fixture makes zero provider calls; do not infer an OCR relationship.
final,shorts_027,0,0.017700,calls,ms,1,measured_warm,deterministic_30_case_router_fixture,Router-only fixture makes zero provider calls; do not infer an OCR relationship.
final,shorts_028,0,0.194600,calls,ms,1,measured_warm,deterministic_30_case_router_fixture,Router-only fixture makes zero provider calls; do not infer an OCR relationship.
final,shorts_029,0,0.047100,calls,ms,1,measured_warm,deterministic_30_case_router_fixture,Router-only fixture makes zero provider calls; do not infer an OCR relationship.
final,shorts_030,0,0.038300,calls,ms,1,measured_warm,deterministic_30_case_router_fixture,Router-only fixture makes zero provider calls; do not infer an OCR relationship.
